INSERT INTO NhaSanXuat VALUES
  ('1003202313144261', N'Apple'),
  ('1003202313144291', N'Samsung'),
  ('1003202313144321', N'Oppo'),
  ('1003202313144351', N'Sony'),
  ('1003202313144391', N'Asus'),
  ('1003202313144411', N'Lenovo'),
  ('1803202319715131', N'Xiaomi'),
  ('1803202319729381', N'HP'),
  ('1803202319729481', N'Acer'),
  ('1803202319729531', N'Dell'),
  ('1803202319729591', N'Msi'),
  ('1803202319730091', N'Microsoft'),
  ('1803202319730151', N'LG'),
  ('1803202321907511', N'Anker'),
  ('1803202321908001', N'Logitech'),
  ('1803202321908061', N'JBL');

INSERT INTO Role VALUES 
('018ce23c-4d90-4338-979a-3f3dfe407047', 'Test', 'TEST', NULL),
('35973966-7622-4e15-85c1-8e033fe41b75', 'Admin', 'ADMIN', '54c66fb8-e186-4b4f-bb26-491433837b04'),
('be03cfc4-2d88-424a-ad2d-c2ee2023d318', 'Member', 'MEMBER', NULL),
('beac5636-50e2-417d-96d7-41ed5b752d96', 'Editor', 'EDITOR', NULL),
('cd3a36d1-4495-4005-b4e4-56dab250c4d3', 'User', 'USER', NULL),
('d83b1a31-b18d-4dac-9797-76f2fa6e682d', 'Tesst1', 'TESST1', '6d3fba84-e107-4e7c-b0a8-bb57c4c3592c');

INSERT INTO KhachHang ([Id],[HoKhachHang],[TenKhachHang],[NgaySinh],[GioiTinh],[DiaChi],[UserName],[NormalizedUserName],[Email],[NormalizedEmail],[EmailConfirmed],[PasswordHash],[SecurityStamp],[ConcurrencyStamp],[PhoneNumber],[PhoneNumberConfirmed],[TwoFactorEnabled],[LockoutEnd],[LockoutEnabled],[AccessFailedCount],[DisableAccount]) VALUES 
('051ad717-04f9-4446-a0f0-32ec8dde64af', N'Nguyễn Huỳnh', N'Anh',       '2001-12-06 00:00:00.0000000', N'Nam', N'Hòa Lợi - Giồng Riềng - Kiên Giang - Việt Nam', 'B1910186', 'B1910186', 'nguyenhuynhanh6121@gmail.com', 'NGUYENHUYNHANH6121@GMAIL.COM', '1', 'AQAAAAIAAYagAAAAEPBUXqs3gEYC5dXbvIkXj18dsPcaSxETos4qIOaRGSXSxFf3b2Kawjgg5maLumDRSg==', 'LJH452IRSSZ23DQBUDZBWPPTYDGRA7AV', '597e16cb-c38f-4f0c-931c-aaad2bc232a7', '0388544031', '0', '0', NULL, '1', '0', '0'),
('2c14a15f-32db-4432-9f8a-573a4378c89c', N'Nguyễn Huỳnh', N'Anh Admin', '2001-12-06 00:00:00.0000000', N'Nam', N'Hòa Lợi - Giồng Riềng - Kiên Giang - Việt Nam', 'B234567890', 'B234567890', 'admin@gmail.com', 'ADMIN@GMAIL.COM', '1', 'AQAAAAIAAYagAAAAEAQyqTpUXVcLpuDbZtxtGDk+7xpwCzOsJ1RlTPQXxPoA4cHnmajLRj51LvaA9DCoyA==', 'JCDFZJ4OQUZPUPYF523BYMLGUUQWPVM2', '5951eb0e-674d-4a73-81e6-496a4d633d57', '0369734318', '0', '0', NULL, '1', '0', '0'),
('3071794b-7f74-4dd1-b177-1fe88cfc03ea', N'Phạm Thanh',   N'Kỳ',        '2002-07-09 00:00:00.0000000', N'Nam', N'KG', 'ThanhKy', 'THANHKY', 'thanhky@gmail.com', 'THANHKY@GMAIL.COM', '0', 'AQAAAAIAAYagAAAAEPWs0iht25mEOpUSNENvSXwSYr1yii+5EblIKFdDMCSCpICEmhmHp6jVY/6PkuuF4A==', 'LPTAANG6XTRBZREZ3TSJNB5SQEWTY7DR', '6cdb9791-1829-4e8d-8079-316053691cdd', '0369734319', '0', '0', NULL, '1', '0', '0'),
('381e19a9-9327-4c9d-8f1f-b44b69e0bf29', N'Võ Thị Vân',   N'Anh',       '1998-09-16 00:00:00.0000000', N'Nữ',  N'Xuân Khánh - Ninh Kiều - Cần Thơ - Việt Nam', 'VanAnhVo', 'VANANHVO', 'vananhvo@gmail.com', 'VANANHVO@GMAIL.COM', '0', 'AQAAAAIAAYagAAAAEKkz7/WikZjfgieEgQgusqC7uf2zMrtma+32SOUOO/LWNhqNgpbQF7N2g/n6Yal0JQ==', 'MFJ4VFXF3VK5NB2M3O7GWBQVJT7RGZQ4', '7c278fb5-9217-4b03-b35c-e2be2fec442e', '0973431433', '0', '0', NULL, '1', '0', '0'),
('876a75ad-4854-428b-8c20-ad2f1e7e627b', N'Nguyễn Huỳnh', N'Anh Test ', '2002-12-06 00:00:00.0000000', N'Nam', N'Hòa Lợi - Giồng Riềng - Kiên Giang - Việt Nam', 'B123456789', 'B123456789', 'test@gmail.com', 'TEST@GMAIL.COM', '1', 'AQAAAAIAAYagAAAAEH82ckk6NJn0BbuEvgJE6d3bcJdgl7pM2Gl7A2Lp3V2tHXhKp9E02GMLGJP9gEwPLA==', 'YWYKUVH2SUOD24V6ZSQOBSPMPJEYOU6F', '417fe2da-f1f6-4dfb-a908-566042afad7e', '0369734300', '0', '0', NULL, '1', '0', '0'),
('9c3eb205-698c-4760-95cd-de85d3fd5d4e', N'Phạm Thành ',  N'Nam',       '2004-12-06 00:00:00.0000000', N'Nam', N'Long An', 'ThanhNam', 'THANHNAM', 'thanhnam@gmail.com', 'THANHNAM@GMAIL.COM', '0', 'AQAAAAIAAYagAAAAELf4fvgOIdAEnfJXL5K9eVpoz6pJnP+81zSzucNsgQvqj1zlmRWIGeJqnrkFP68q3w==', 'FWUQDX3B3QW2THK2HTUMRPSK7OKKFEY4', '491861bc-d64a-4a3f-982d-32184f389f2f', '0369734302', '0', '0', NULL, '1', '0', '0'),
('bf30d9bc-301a-4406-a817-4aecefa35c4e', N'Nguyễn Huỳnh', N'Anh Editor','2001-12-06 00:00:00.0000000', N'Nam', N'Hòa Lợi - Giồng Riềng - Kiên Giang - Việt Nam', 'B345678901', 'B345678901', 'editor@gmail.com', 'EDITOR@GMAIL.COM', '1', 'AQAAAAIAAYagAAAAEJ7s1JzhMJ4PYp1l8SN01QIfUQq1ec1XuVMYQN77Rol/LH7l48LPGt6YijFWe7NCKQ==', 'JSRBVF6EYTAEAQZKTX67FWJEYSKEJYQC', 'dd423d8e-d75b-4085-955e-20ba067a7f87', '0369734318', '0', '0', NULL, '1', '0', '0');

INSERT INTO UserRoles VALUES
('876a75ad-4854-428b-8c20-ad2f1e7e627b', '018ce23c-4d90-4338-979a-3f3dfe407047'),
('051ad717-04f9-4446-a0f0-32ec8dde64af', '35973966-7622-4e15-85c1-8e033fe41b75'),
('2c14a15f-32db-4432-9f8a-573a4378c89c', '35973966-7622-4e15-85c1-8e033fe41b75'),
('bf30d9bc-301a-4406-a817-4aecefa35c4e', 'beac5636-50e2-417d-96d7-41ed5b752d96');

INSERT INTO ThanhToan VALUES
('cod',     N'Thanh toán khi nhận hàng'),
('vnpay',   N'Thanh toán bằng Ví VNPay'),
('bank',    N'Thanh toán bằng thẻ tín dụng');


INSERT INTO [MauSac] VALUES
('1003202313143261',    N'Xanh dương'),
('1003202313143331',    N'Đen'),
('1003202313143381',    N'Đỏ'),
('1003202313143451',    N'Xanh lá'),
('10032023221022461',   N'Xám'),
('10032023221022511',   N'Bạc'),
('10032023221026561',   N'Cam'),
('10032023221028561',   N'Trắng'),
('1803202319721051',    N'Tím'),
('1803202319721111',    N'Vàng'),
('1803202319737571',    N'Xanh đen');


INSERT INTO [LoaiSanPham] VALUES
('1003202313143591', N'Điện thoại'),
('1003202313144031', N'Laptop'),
('1003202313144071', N'Tablet'),
('1003202313144111', N'Smartwatch'),
('1003202313144141', N'Phụ kiện');



INSERT INTO [KhuyenMai] VALUES
('1003202321957251',	N'Valentine',	                    '1.41999995708466',	'2023-02-08 00:00:00.0000000',	'2023-02-15 00:00:00.0000000', '100'),
('1103202319708291',	N'TestDiscount',	                '30',               '2023-03-11 00:00:00.0000000',	'2023-03-17 00:00:00.0000000', '100'),
('CHAOMUNGBANMOI',  	N'Chào mừng khách hàng mới', 	    '3',                '2023-02-14 00:00:00.0000000',	'2023-08-01 00:00:00.0000000', '100'),
('GPMN2023',	        N'Giải phóng miền Nam 30/4/2023',	'30.3999996185303',	'2023-03-09 00:00:00.0000000',	'2023-04-30 00:00:00.0000000', '100'),
('30042023', N'Giải phóng miền Nam 30-04-2023 và Quốc tế lao động 01-04-2023', '3.03999996185303', '2023-04-27 00:00:00.0000000', '2023-05-06 00:00:00.0000000', '19');



INSERT INTO SanPham VALUES 
('1003202313146161',  N'iPhone 13 Pro Max 256GB',   N'Cái', '1003202313144261', '1003202313143591', '1003202313143451', 'iphone13-pro-max-xanh-la.jpg', '28999000', '1', N'iPhone 13 Pro Max 256GB - siêu phẩm mang trên mình bộ vi xử lý Apple A15 Bionic hàng đầu, màn hình Super Retina XDR 120 Hz, cụm camera khẩu độ f/1.5 cực lớn, tất cả sẽ mang lại cho bạn những trải nghiệm tuyệt vời chưa từng có.', '2'),
('10032023221016121', N'iPhone 14 Pro Max 256GB',   N'Cái', '1003202313144261', '1003202313143591', '1003202313143331', 'iphone-14-pro-max-den.jpg', '31990000', '2', N'Mới đây thì chiếc điện thoại iPhone 14 Pro Max 256GB cũng đã được chính thức lộ diện trên toàn cầu và đập tan bao lời đồn đoán bấy lâu nay, bên trong máy sẽ được trang bị con chip hiệu năng khủng cùng sự nâng cấp về camera đến từ nhà Apple.', '9'),
('10032023221018561', N'Laptop Apple MacBook Air M2 2022 8GB/256GB',    N'Cái', '1003202313144261', '1003202313144031', '1003202313143261', 'apple-macbook-air-m2-2022-01.jpg', '27090000', '-1', N'Sau 14 năm, ba lần sửa đổi và hai kiến trúc bộ vi xử lý khác nhau, kiểu dáng mỏng dần mang tính biểu tượng của MacBook Air đã đi vào lịch sử. Thay vào đó là một chiếc MacBook Air M2 với thiết kế hoàn toàn mới, độ dày không thay đổi tương tự như MacBook Pro, đánh bật mọi rào cản với con chip Apple M2 đầy mạnh mẽ.', '1'),
('10032023221021591', N'Laptop Asus Gaming ROG Flow Z13',   N'Cái', '1003202313144391', '1003202313144031', '1003202313143331', 'asus-gaming-rog-flow-z13-gz301z-i7-ld110w-1-1.jpg', '49390000', '2', N'Ngoại hình cơ động, đậm chất viễn tưởng. Thoạt nhìn, tưởng chừng như Asus ROG mang một diện mạo tựa như các dòng laptop Surface Pro của nhà Microsoft nhưng khi cầm em máy trên tay để ngắm nghía thì nó lại sở hữu một khí chất rất riêng, phong thái kiêu kỳ pha tí hầm hố gaming không lẫn vào đâu của Asus, điều đó làm cho Asus rất thành công trong việc thu hút ánh nhìn của người khác mỗi khi mình mang em máy này theo bên người.', '1'),
('10032023221027591', N'Đồng hồ thông minh Apple Watch Ultra LTE 49mm dây Alpine size L',   N'Cái', '1003202313144261', '1003202313144111', '10032023221026561', 'apple-watch-ultra-49mm-day-alpine-size-l-cam-1.jpg', '19990000', '2', N'Diện mạo thời thượng, độ bền chuẩn quân đội. Là chiếc smartwatch lớn nhất của nhà Táo, Apple Watch Ultra sở hữu kích thước màn hình lên đến 49 mm với bề mặt được phủ lớp kính Sapphire sang trọng, kết hợp khung viền Titanium mang lại vẻ ngoài vừa cao cấp vừa mạnh mẽ. Nút xoay Digital Crown cũng được chế tác to và bền hơn, giúp người dùng thao tác dễ dàng hơn trong mọi trường hợp. Ngoài ra, độ bền đạt tiêu chuẩn quân đội MIL-STD 810H cũng giúp bảo vệ đồng hồ ở mức cao nhất trong các hoạt động thể thao mạo hiểm hay những chuyến phiêu lưu trong môi trường khắc nghiệt.', '1'),
('10032023221029471', N'Tai nghe Bluetooth AirPods Pro (2nd Gen) MagSafe Charge',   N'Cái', '1003202313144261', '1003202313144141', '10032023221028561', 'airpods-pro-2nd-generation-0.jpg', '6490000', '2', N'Thiết kế tai nghe AirPods Pro 2 gọn nhẹ, kiểu dáng hiện đại. Về phần thiết kế, nhà Apple vẫn giữ nguyên kiểu dáng quen thuộc của những phiên bản tiền nhiệm trước đó như: Thiết kế gọn nhẹ, đường bo góc tinh tế, gam màu trắng trang nhã bao bọc trọn vẹn tai nghe và hộp sạc.', '0'),
('1803202319711431',  N'Samsung Galaxy S23 5G 256GB',   N'Cái', '1003202313144291', '1003202313143591', '1003202313143331', 'samsung-galaxy-s23-den-1.jpg', '23990000', '2', N'Samsung Galaxy S23 5G 256GB có lẽ là ứng cử viên sáng giá được xướng tên trong danh sách điện thoại đáng mua nhất năm 2023. Đây là siêu phẩm hội tụ những gì mà bạn hằng mơ ước về thiết kế, cấu hình, camera,... hứa hẹn mang đến trải nghiệm sử dụng đỉnh cao trong cuộc sống hằng ngày đầy năng động.', '0'),
('1803202319713511',  N'Samsung Galaxy S23 5G Ultra 1TB',   N'Cái', '1003202313144291', '1003202313143591', '1003202313143331', 'samsung-galaxy-s23-ultra-den-1.jpg', '39990000', '2', N'Mặt trước Galaxy S23 Ultra có thiết kế Infinity-O đặc trưng của điện thoại Galaxy dòng S từ trước cho đến nay, màn hình cũng được làm cong về hai cạnh bên mang đến cho người dùng trải nghiệm tốt hơn với không gian màn ảnh rộng trong tầm tay.', '1'),
('1803202319716391',  N'OPPO Reno8 T 5G 256GB', N'Cái', '1003202313144321', '1003202313143591', '1003202313143331', 'oppo-reno8-t-5g-den-1.jpg', '10990000', '2', N'Qua những lần chạm đầu tiên trên chiếc Reno8 T 5G thì mình thấy đây là một chiếc điện thoại có độ hoàn thiện khá tốt, máy mang lại cho mình một cảm giác cầm nắm tương đối là đầm tay, hai bên cạnh cũng được làm bo cong giúp hạn chế tình trạng cấn tay mang đến cho mình một trải nghiệm sử dụng khá là thoải mái.', '0'),
('1803202319718091',  N'OPPO Reno8 Pro 5G', N'Cái', '1003202313144321', '1003202313143591', '1003202313143331', 'oppo-reno8-pro-black-1.jpg', '17990000', '2', N'OPPO Reno8 Pro 5G là chiếc điện thoại cao cấp được nhà OPPO ra mắt vào thời điểm 09/2022, máy hướng đến sự hoàn thiện cao cấp ở phần thiết kế cùng khả năng quay chụp chuyên nghiệp nhờ trang bị vi xử lý hình ảnh MariSilicon X chuyên dụng.', '0'),
('1803202319722101',  N'iPhone 14 Pro Max 1TB', N'Cái', '1003202313144261', '1003202313143591', '1803202319721051', 'iphone-14-pro-max-purple-1.jpg', '42490000', '2', N'iPhone 14 Pro Max 1TB là phiên bản điện thoại cao cấp nhất mà Apple đã cho ra mắt tại sự kiện giới thiệu sản phẩm mới cho năm 2022. Được thừa hưởng mọi công nghệ hàng đầu thế giới nên máy hứa hẹn sẽ mang lại trải nghiệm sử dụng tốt nhất từ chơi game cho tới chụp ảnh, xứng đáng là chiếc điện thoại đáng mua nhất trên thị trường hiện tại.', '0'),
('1803202319724121',  N'iPhone 13 Pro Max 1TB', N'Cái', '1003202313144261', '1003202313143591', '10032023221022461', 'iphone-13-pro-max-1-2.jpg', '31490000', '2', N'iPhone 13 Pro Max 1 TB thuộc phân khúc điện thoại cao cấp mà không một iFan nào có thể bỏ qua, với màn hình lớn sắc nét, cấu hình vượt trội, dung lượng lưu trữ "khủng", thời gian sử dụng dài, mỗi lần trải nghiệm đều cho bạn cảm giác thỏa mãn đáng ngạc nhiên.', '0'),
('1803202319726031',  N'Xiaomi 12T 5G 256GB',  N'Cái', '1803202319715131', '1003202313143591', '10032023221022511', 'xiaomi-12t-bac-glr-1.jpg', '11990000', '2', N'Xiaomi 12T 5G 256GB là smartphone đầu tiên trên thế giới trang bị con chip Dimensity 8100 Ultra nên máy thu hút được khá nhiều sự chú ý vào thời điểm ra mắt, bộ vi xử lý này không chỉ có hiệu năng mạnh mẽ mà nó còn tối ưu được giá thành cho thiết bị, điều này giúp 12T trở thành chiếc điện thoại quốc dân cực kỳ đáng sắm.', '1'),
('1803202319727401',  N'Xiaomi 13 Pro 5G',  N'Cái', '1803202319715131', '1003202313143591', '10032023221028561', 'xiaomi-13-pro-trang-1.jpg', '25990000', '2', N'Sau biết bao thông tin rò rỉ Xiaomi 13 Pro cũng đã chính thức giới thiệu tại thị trường Việt Nam với sự háo hức đến từ các Mi fan trong nước, đây dự kiến sẽ là mẫu điện thoại quốc dân cho năm 2023 bởi máy sở hữu con chip Snapdragon 8 Gen 2 mạnh mẽ cùng với đó là sự cộng tác với nhà Leica để khiến mọi người dùng đam mê nhiếp ảnh mê hoặc.', '0'),
('1803202319732331',  N'MacBook Pro 14 inch M2 Pro 2023',   N'Cái', '1003202313144261', '1003202313144031', '10032023221022461', 'macbook-pro-14-inch-m2-pro-gray-1.jpg', '51990000', '2', N'Apple đã âm thầm tung ra thế hệ MacBook Pro 14 inch M2 Pro 2023 hoàn toàn mới, hứa hẹn hiệu suất cao hơn so với MacBook Pro đợt trước, có khả năng xử lý mượt mà các tác vụ khắt khe của người dùng chuyên nghiệp.', '0'),
('1803202319734401',  N'MacBook Pro 16 M1 Pro 2021',    N'Cái', '1003202313144261', '1003202313144031', '10032023221022511', 'apple-macbook-pro-16-m1-pro-2021-10-core-cpu-1.jpg', '53990000', '2', N'MacBook Pro 16 M1 Pro 2021 không chỉ sở hữu thiết kế mới trông vuông vức hơn mà còn mang trong mình sức mạnh hiệu năng vượt trội đến từ bộ vi xử lý M1 Pro, cho mình trải nghiệm sử dụng mượt mà và ấn tượng như một dân chuyên đúng nghĩa.', '0'),
('1803202319736291',  N'MacBook Pro 14 M1 Pro 2021',    N'Cái', '1003202313144261', '1003202313144031', '10032023221022511', 'macbook-pro-14-m1-pro-2021-bac-1.jpg', '49990000', '2', N'Apple đã giới thiệu MacBook Pro 14 inch vào tháng 10/2021, mang một diện mạo mới cùng bộ vi xử lý do hãng tự phát triển, không chỉ cho hiệu năng vượt trội mà còn sở hữu màn hình với khả năng hiển thị thực sự ấn tượng, khiến mình mê mẩn khi cầm trên tay trải nghiệm.', '0'),
('1803202319739001',  N'MacBook Air M2 2022',   N'Cái', '1003202313144261', '1003202313144031', '1803202319737571', 'apple-macbook-air-m2-2022-16gb-1.jpg', '39990000', '2', N'Sự đẳng cấp đến từ ngoại hình của chiếc MacBook Air nhà Apple là điều không thể phủ nhận và khó có dòng sản phẩm cùng phân khúc nào có thể qua mặt được. Vẫn là lớp vỏ kim loại nguyên khối cứng cáp cùng các cạnh góc vuông vức, sang trọng nhưng chiếc MacBook Air 2022 năm nay đã thoát ra khỏi ngôn ngữ thiết kế nhẹ nhàng vốn có từ lâu và khoác lên diện mạo mới tương tự như “đàn anh” MacBook Pro.', '0'),
('1803202319742591',  N'Laptop Asus TUF Gaming F15',    N'Cái', '1003202313144391', '1003202313144031', '10032023221022461', 'asus-tuf-gaming-fx507z-i7-hn123w-1-1.jpg', '41990000', '2', N'Laptop Asus TUF Gaming F15 FX506HC i5 (HN144W) với CPU Intel dòng H và card rời RTX 30 series, thiết kế độc đáo cùng khả năng chiến tốt các tựa game hiện hành là sự lựa chọn phù hợp cho bạn. ', '0'),
('1803202319745011',  N'Laptop Asus Gaming TUF Dash F15',   N'Cái', '1003202313144391', '1003202313144031', '1003202313143331', 'asus-tuf-gaming-fx517z-i7-hn086w-1.jpg', '42990000', '2', N'Sở hữu ngoại hình ấn tượng thu hút mọi ánh nhìn cùng hiệu năng mạnh mẽ đến từ laptop CPU thế hệ 12 mới nhất, Asus Gaming TUF Dash F15 FX517ZC i5 (HN077W) là lựa chọn xứng tầm cho mọi nhu cầu chiến game giải trí hay đồ hoạ - kỹ thuật của người dùng.', '0'),
('1803202319746291',  N'Laptop Asus Gaming ROG Strix G15',  N'Cái', '1003202313144391', '1003202313144031', '10032023221022461', 'asus-rog-strix-gaming-g513rm-r7-hq055w-1.jpg', '47990000', '2', N'Laptop Asus Gaming ROG Strix G15 G513IH R7 (HN015W) là một trợ thủ đắc lực cho mọi game thủ chuyên nghiệp với phong cách thiết kế vô cùng độc đáo, ấn tượng chuẩn gaming cùng bộ cấu hình đầy mạnh mẽ.', '0'),
('1803202319748031',  N'Laptop Asus Gaming ROG Zephyrus G14',   N'Cái', '1003202313144391', '1003202313144031', '10032023221022461', 'asus-gaming-rog-zephyrus-g14-ga402rj-r7-l8030w-glr-fix-1.jpg', '53000000', '2', N'Mạnh mẽ và di động là những đặc tính nổi bật của Asus Rog Zephyrus G14 GA401QH R7 (HZ035T), đây chính là chiếc laptop gaming xứng đáng được bạn sở hữu với CPU AMD Ryzen 7 cùng card đồ hoạ GeForce dòng GTX, mang đến cho người dùng những trải nghiệm làm việc cũng như giải trí hoàn hảo.', '0'),
('1803202319750231',  N'Laptop Asus Gaming ROG Strix SCAR 15',  N'Cái', '1003202313144391', '1003202313144031', '1003202313143331', 'asus-rog-strix-scar-15-g533z-i7-ln2210w-1.jpg', '53990000', '2', N'Laptop Asus Gaming ROG Strix SCAR 15 G533ZM i7 (LN2210W) chinh phục mọi chiến trường ảo với bộ vi xử lý Intel Core i7 thế hệ 12 cùng đồ hoạ NVIDIA GeForce RTX 3060. Giảm tối đa thời gian chờ đợi nhờ ổ SSD PCIe thế hệ 4 và bộ nhớ RAM DDR5 tốc độ cao, luôn sẵn sàng cùng bạn chiến thắng trong mọi cuộc chiến.', '0'),
('1803202319751401',  N'Laptop Asus Gaming ROG Strix SCAR 16',  N'Cái', '1003202313144391', '1003202313144031', '1003202313143331', 'asus-gaming-rog-strix-scar-16-g634j-i9-n4029w-1.jpg', '94000000', '2', N'Laptop Asus Gaming ROG Strix SCAR 16 G634JZ i9 (N4029W) được thiết kế với cấu hình mạnh mẽ, hiệu năng tốt giúp nâng cao trải nghiệm đồ họa, cho bạn chơi game mượt mà và xử lý công việc với hiệu suất cao.', '0'),
('1803202319752291',  N'Laptop Asus Gaming ROG Strix SCAR 18',  N'Cái', '1003202313144391', '1003202313144031', '1003202313143331', 'asus-gaming-rog-strix-scar-18-g834jy-i9-n6039w-1.jpg', '124000000', '2', N'Laptop Asus Gaming ROG Strix SCAR 18 G834JY i9 (N6039W) hứa hẹn sẽ thống trị thế giới laptop gaming với hiệu năng bùng nổ đến từ bộ vi xử lý Intel Core i9 thế hệ thứ 13 hoàn toàn mới, card đồ họa NVIDIA chuyên dụng và màn hình siêu lớn 18 inch 240 Hz, mang đến cho bạn trải nghiệm chơi game, làm việc trên cả tuyệt vời.', '0'),
('1803202319753441',  N'Laptop Asus Gaming ROG Strix G17',  N'Cái', '1003202313144391', '1003202313144031', '10032023221022461', 'asus-gaming-rog-strix-g17-g713r-r9-ll178w-glr-1.jpg', '62990000', '2', N'Laptop Asus Gaming ROG Strix G17 G713R R9 (LL178W) được trang bị bộ vi xử lý AMD Ryzen 9-series hiệu năng cao, card đồ họa chuyên dụng NVIDIA GeForce RTX 3070Ti và màn hình tần số quét 240 Hz giúp các cao thủ chiến game đầy tự tin, đắm chìm trong những đấu trường ảo đỉnh cao.', '0'),
('1803202319756111',  N'Laptop HP Elitebook X360',  N'Cái', '1803202319729381', '1003202313144031', '10032023221022511', 'hp-elitebook-x360-1040-g9-i7-6z982pa-glr-1.jpg', '47090000', '2', N'HP EliteBook X360 1030 G8 i7 (3G1C4PA) mang kiểu dáng nhỏ gọn, siêu di động mà vẫn sang trọng, thanh lịch cùng bộ vi xử lý Intel hế hệ 11 tân tiến đáp ứng tốt nhu cầu làm việc và giải trí hoàn hảo dành cho doanh nhân cần một chiếc laptop tiện lợi di chuyển nhiều.', '0'),
('1803202319757091',  N'Laptop HP Envy 16 h0207TX i7',  N'Cái', '1803202319729381', '1003202313144031', '10032023221022511', 'hp-envy-16-h0207tx-i7-7c0t4pa-glr-1.jpg', '48090000', '2', N'Laptop HP Envy 16 h0207TX i7 (7C0T4PA) là sản phẩm cao cấp mới nhất của nhà HP, mang trong mình những trang bị hàng đầu trong ngành như bộ vi xử lý thế hệ thứ 12 của Intel và card đồ họa rời NVIDIA RTX 3060, hứa hẹn sẽ đem đến cho bạn những trải nghiệm vượt bậc.', '0'),
('1803202319758181',  N'Laptop HP Elitebook Dragonfly G3',  N'Cái', '1803202319729381', '1003202313144031', '1003202313143261', 'hp-elitebook-dragonfly-g3-i7-6z980pa-glr-1.jpg', '49590000', '2', N'Laptop HP Elitebook Dragonfly G3 i7 1255U (6Z980PA) thuộc dòng sản phẩm laptop cao cấp - sang trọng của nhà sản xuất HP, mang những đặc tính thiết kế nhằm đáp ứng cho nhu cầu của đối tượng người dùng thường xuyên di chuyển, cần một chiếc máy có tính di động cao đồng thời sở hữu cấu hình mạnh mẽ, ngoại hình thời thượng.', '0'),
('1803202319759311',  N'Laptop HP Envy 16 h0205TX i9',  N'Cái', '1803202319729381', '1003202313144031', '10032023221022511', 'hp-envy-16-h0205tx-i9-7c0t2pa-glr-1.jpg', '61590000', '2', N'Laptop HP Envy 16 h0205TX i9 (7C0T2PA) hoàn toàn mới đã được HP tung ra thị trường, nhắm trực tiếp đến người dùng có nhu cầu làm việc về đồ họa nặng cũng như chiến game ở mức cấu hình cao nhờ combo Intel thế hệ 12 và card đồ họa NVIDIA mạnh mẽ.', '0'),
('1803202320800291',  N'Laptop HP Omen 16 n0085AX R9',  N'Cái', '1803202319729381', '1003202313144031', '1003202313143331', 'hp-omen-16-n0085ax-r9-7c144pa-glr-1.jpg', '57890000', '2', N'Laptop HP Omen 16 n0085AX R9 6900HX (7C144PA) được thiết kế với mục đích đáp ứng nhu cầu chơi những tựa game đình đám và xử lý đồ họa nặng nhờ combo hiệu năng cao CPU AMD Ryzen 9-series và card đồ họa rời NVIDIA GeForce RTX 3070Ti.', '0'),
('1803202320805011',  N'Laptop Lenovo ThinkPad X1 Carbon Gen 10',   N'Cái', '1003202313144411', '1003202313144031', '1003202313143331', 'lenovo-thinkpad-x1-carbon-gen-10-i7-21cb00a8vn-1-1.jpg', '44490000', '2', N'ThinkPad nổi danh là dòng laptop cao cấp - sang trọng được thiết kế dành cho những doanh nhân kỹ tính. Laptop Lenovo ThinkPad X1 Carbon Gen 10 i7 (21CB00A8VN) tiếp nối thành công với những cải tiến về cấu hình, bàn phím và màn hình, tất cả đều được gói gọn trong một thân hình mỏng nhẹ với chất lượng hoàn thiện chắc chắn.', '0'),
('1803202320810241',  N'Laptop Lenovo Yoga Duet 7 13ITL6 i7',   N'Cái', '1003202313144411', '1003202313144031', '1803202319721051', 'lenovo-yoga-duet-7-13itl6-i7-82ma009pvn-1.jpg', '32490000', '2', N'Laptop Lenovo Yoga Duet 7 13ITL6 i7 (82MA003UVN) là sự kết hợp hoàn hảo giữa một chiếc máy tính Windows và Tablet từ đó mang đến một siêu phẩm có thiết kế cơ động, nhỏ gọn cùng hiệu năng mạnh mẽ, phù hợp cho mọi tác vụ giải trí, sáng tạo nội dung với bút cảm ứng Digital Pen tặng kèm.', '0'),
('1803202320812031',  N'Laptop Acer Predator Helios PH16 71 94N1',  N'Cái', '1803202319729481', '1003202313144031', '1003202313143331', 'acer-predator-helios-ph16-71-94n1-i9-nhqjssv002-1.jpg', '127790000', '2', N'Laptop Acer Predator Helios PH16 71 94N1 i9 (NH.QJSSV.002) nằm trong top laptop gaming mạnh mẽ nhất thế giới khi sở hữu cấu hình cực khủng với CPU Intel Core i9 thế hệ 13, GPU NVIDIA GeForce RTX 40 Series mới nhất cùng công nghệ làm mát tân tiến và màn hình 240 Hz siêu sắc nét.', '1'),
('1803202320813081',  N'Laptop Acer Predator Helios PH18 71',   N'Cái', '1803202319729481', '1003202313144031', '1003202313143331', 'acer-predator-helios-ph18-71-94sj-i9-nhqkrsv002-1.jpg', '129990000', '2', N'Laptop gaming mạnh mẽ nhất thế giới - laptop Acer Predator Helios PH18 71 94SJ i9 (NH.QKRSV.002) đã chính thức có mặt tại Thế Giới Di Động với cấu hình cực khủng, card đồ họa mới nhất và hệ thống làm mát tân tiến độc quyền.', '0'),
('1803202320814091',  N'Laptop Acer Nitro 5 Tiger AN515',   N'Cái', '1803202319729481', '1003202313144031', '1003202313143331', 'acer-nitro-5-tiger-an515-58-773y-i7-nhqfksv001-glr-1.jpg', '27990000', '2', N'Một bước tiến cấu hình vượt bật được Acer ưu ái trên chiếc laptop Acer Nitro 5 Tiger AN515 58 52SP i5 (NH.QFHSV.001) khi trang bị bộ vi xử lý Intel Gen 12 đầy mạnh mẽ cùng phong cách thiết kế đậm chất “mãnh hổ”, khơi nguồn sức mạnh tiềm ẩn bên trong mỗi game thủ trên mọi chiến trường ảo. ', '0'),
('1803202320815241',  N'Laptop Dell XPS 17 9710 i7',    N'Cái', '1803202319729531', '1003202313144031', '10032023221022511', 'dell-inspiron-15-5515-r7-n5r75700u104w1-1.jpg', '67990000', '2', N'Laptop Dell XPS 17 9710 (XPS7I7001W1) sẽ không làm người dùng thất vọng khi sở hữu ngoại hình thời thượng cùng những thông số kỹ thuật đẳng cấp. ', '0'),
('1803202320816111',  N'Laptop Dell Gaming Alienware m15 R6',   N'Cái', '1803202319729531', '1003202313144031', '1003202313143331', 'dell-inspiron-15-5515-r7-n5r75700u104w1-1.jpg', '53590000', '2', N'Với phong cách thiết kế độc đáo cùng cấu hình vượt trội, laptop Dell Gaming Alienware m15 R6 i7 11800H (70272633) sẵn sàng đáp ứng hoàn hảo mọi tác vụ của một chiếc laptop đồ họa - kỹ thuật như thiết kế hay chiến game.', '0'),
('1803202320817031',  N'Laptop Dell XPS 13 9310',   N'Cái', '1803202319729531', '1003202313144031', '10032023221022511', 'dell-xps-13-9310-i5-70273578-1.jpg', '35690000', '2', N'Laptop Dell XPS 13 9310 i5 1135G7 (70273578) sở hữu thiết kế hiện đại với màu bạc thời thượng cùng hiệu năng mạnh mẽ, xứng danh bạn đồng hành đắc lực trên mọi mặt trận.', '0'),
('1803202320818421',  N'Laptop MSI Gaming Stealth 15M A11UEK',  N'Cái', '1803202319729591', '1003202313144031', '10032023221022511', 'msi-gaming-stealth-15m-a11uek-i7-254vn-1-1.jpg', '35590000', '2', N'Lấy cảm hứng từ phong cách đô thị, laptop MSI Gaming Stealth 15M A11UEK i7 (254VN) mang thiết kế gaming hiện đại, mạnh mẽ cùng bộ cấu hình vượt trội cho hiệu suất tối ưu để chiến game đỉnh cao và thiết kế đồ họa chuyên nghiệp.', '0'),
('1803202320819331',  N'Laptop MSI Creator Z16P B12UGST',   N'Cái', '1803202319729591', '1003202313144031', '10032023221022461', 'msi-creator-z16p-b12ugst-i7-050vn-a-01.jpg', '56990000', '2', N'Tuyệt tác của sự hoàn mỹ trong thiết kế cùng cấu hình cực mạnh từ laptop CPU thế hệ 12 tạo nên chiếc laptop MSI Creator Z16P B12UGST (050VN). Sản phẩm là sự lựa chọn hoàn hảo cho người làm sáng tạo nghệ thuật, thiết kế đồ hoạ.', '0'),
('1803202320820461',  N'Laptop MSI Gaming GE66 Raider', N'Cái', '1803202319729591', '1003202313144031', '10032023221022461', 'msi-gaming-ge66-raider-11uh-i7-259vn-1-1-org.jpg', '55690000', '2', N'Laptop MSI Gaming GE66 Raider 11UH i7 (259VN) thuộc dòng laptop gaming cao cấp của nhà MSI, sở hữu thiết kế độc đáo với cấu hình mạnh mẽ cùng hiệu suất chơi game gần như hoàn hảo nhờ sở hữu con chip Intel Gen 11 hiện đại. Đây chắc chắn sẽ là chiếc laptop mang đến cho bạn những giây phút giải trí tuyệt vời.', '0'),
('1803202320821351',  N'Laptop MSI Gaming Vector GP66', N'Cái', '1803202319729591', '1003202313144031', '1003202313143331', 'msi-gaming-vector-gp66-12ugs-i7-432vn-1.jpg', '49290000', '2', N'Laptop MSI Gaming Vector GP66 12UGS i7 12700H (432VN) là thế hệ laptop gaming mới nhất được nhà MSI cho ra mắt với những đột phá về thiết kế cũng như hiệu năng, xứng danh trợ thủ đắc lực cho mọi game thủ, người dùng sáng tạo đồ hoạ - kỹ thuật.', '0'),
('1803202320822331',  N'Laptop MSI Gaming GS66 Stealth 11UG',   N'Cái', '1803202319729591', '1003202313144031', '1003202313143331', 'msi-gaming-gs66-stealth-11ug-i7-219vn-1-1-org.jpg', '48790000', '2', N'Xứng danh tay chơi cự phách nơi đô thị sầm uất, laptop MSI Gaming GS66 Stealth 11UG i7 11800H (219VN) với vẻ ngoài đầy mạnh mẽ cùng sức mạnh tuyệt hảo, phát huy hiệu suất tối ưu và khả năng chiến game cực đã cùng đồng đội.', '0'),
('1803202320823401',  N'Laptop MSI Creator Z16 A12UET', N'Cái', '1803202319729591', '1003202313144031', '10032023221022461', 'msi-creator-z16-a12uet-i7-036vn-1.jpg', '44690000', '2', N'Chinh phục mọi ánh nhìn với phong cách thiết kế thời thượng, sang trọng, laptop MSI Creator Z16 A12UET i7 12700H (036VN) còn được trang bị cấu hình hoàn hảo từ CPU Gen 12 đáp ứng mọi nhu cầu của một chiếc laptop đồ hoạ - kỹ thuật chuyên nghiệp của người dùng.', '0'),
('1803202320825141',  N'Laptop MSI Gaming GE66 Raider 11UG',    N'Cái', '1803202319729591', '1003202313144031', '1003202313143331', 'msi-gaming-ge66-raider-11ug-i7-258vn-1-1-org.jpg', '43990000', '2', N'Vươn lên tầm cao mới cùng laptop MSI Gaming GE66 Raider 11UG i7 11800H (258VN) với thiết kế độc lạ, đem đến vô vàn tính năng cao, chinh phục mọi công việc khó nhằn hay chiến đấu cực đỉnh trên mọi chiến trường game. ', '0'),
('1803202320827181',  N'Laptop Surface Pro 7 Plus i5',  N'Cái', '1803202319730091', '1003202313144031', '10032023221022511', 'surface-pro-7-plus-i5-28b00001-bac-1.jpg', '23890000', '2', N'Laptop Surface Pro 7 Plus i5 (28B-00001) sở hữu kiểu dáng gọn nhẹ, tiện dụng cùng hiệu năng mạnh mẽ từ con chip tân tiến, sẵn sàng giúp đỡ bạn trên mọi công việc.', '0'),
('1803202320828231',  N'Laptop LG gram 2022 i7',    N'Cái', '1803202319730151', '1003202313144031', '1003202313143331', 'lg-gram-2022-i7-17z90qgah78a5-ab-fix-1.jpg', '45890000', '2', N'Nếu bạn đang tìm kiếm một phiên bản laptop cao cấp - sang trọng vừa sở hữu ngoại hình mỏng nhẹ vừa mang sức mạnh hiệu năng vượt bậc để học tập, làm việc hay đồng hành trên những chuyến công tác xa thì laptop LG gram 2022 i7 (17Z90Q-G.AH76A5) chính là sự lựa chọn đáng để cân nhắc.', '0'),
('1803202320834291',  N'Máy tính bảng iPad Pro M1 11 inch WiFi 2TB (2021)', N'Cái', '1003202313144261', '1003202313144071', '10032023221022461', 'ipad-pro-m1-11-inch-wifi-org-1.jpg', '44990000', '2', N'Máy tính bảng iPad Pro M1 11 inch WiFi 2TB (2021) được giới thiệu với 2 màu xám và bạc hiện đại, chất liệu nhôm nguyên khối sang trọng cùng thiết kế thanh lịch, tinh tế, phù hợp trong mọi không gian sử dụng.', '0'),
('1803202320835521',  N'Máy tính bảng iPad Pro M1 12.9 inch WiFi Cellular 2TB (2021)',  N'Cái', '1003202313144261', '1003202313144071', '10032023221022511', 'ipad-pro-m1-129-inch-wifi-cellular-128gb-2021-1.jpg', '58990000', '2', N'Máy tính bảng iPad Pro M1 12.9 inch WiFi Cellular 2TB (2021) sở hữu sức mạnh vượt trội nhờ trang bị chip Apple M1 với 8 nhân CPU và 8 nhân GPU, có sự hỗ trợ của RAM 16 GB mang đến khả năng đa nhiệm ấn tượng, kể cả trên các tác vụ nặng như xử lý thiết kế AR hay chiến game đồ họa cao. Dung lượng bộ nhớ trong lên đến 2 TB thoải mái cho vấn đề lưu trữ, góp phần ổn định khả năng truy xuất dữ liệu và tốc độ hoạt động của máy.', '1'),
('1803202320836521',  N'Máy tính bảng iPad Pro M1 11 inch WiFi Cellular 2TB (2021)',   N'Cái', '1003202313144261', '1003202313144071', '10032023221022461', 'ipad-pro-m1-11-inch-wifi-cellular-1.jpg', '50990000', '2', N'Máy tính bảng iPad Pro M1 11 inch WiFi Cellular 2TB (2021) mang vẻ ngoài sang trọng, chắc chắn của lớp vỏ kim loại nguyên khối hoàn thiện tinh tế, thiết kế vuông vức hiện đại, kích thước màn hình 11 inch sử dụng thuận tiện như 1 chiếc laptop mini dùng cho cá nhân.', '0'),
('1803202320838531',  N'Máy tính bảng Samsung Galaxy Tab S8 Ultra 5G',  N'Cái', '1003202313144291', '1003202313144071', '10032023221022461', 'samsung-galaxy-tab-s8-ultra-1-1.jpg', '30990000', '2', N'Samsung Galaxy Tab S8 Ultra ra mắt với kích thước màn hình siêu to cùng một cấu hình mạnh mẽ, được xem là thiết bị phù hợp đối với những ai thường xuyên làm các công việc thiết kế hay thao tác trên trình duyệt web, bên cạnh đó Tab S8 Ultra còn mang đến những trải nghiệm tương tự một chiếc laptop khi sử dụng kèm với bàn phím.', '0'),
('1803202320839381',  N'Máy tính bảng Samsung Galaxy Tab S7 FE WiFi',   N'Cái', '1003202313144291', '1003202313144071', '1003202313143451', 'samsung-galaxy-tab-s7-fe-wifi-1-3.jpg', '11990000', '2', N'Samsung Galaxy Tab S7 FE WiFi - được Samsung cho ra mắt với vô vàn tính năng cùng nhiều ưu điểm nổi bật hơn so với các đối thủ trong tầm giá, tablet hỗ trợ bút S Pen nhằm phục vụ các công việc của bạn trở nên dễ dàng hay hiệu suất mạnh mẽ trên một con chip gaming đến từ nhà Qualcomm, khiến nó trở thành một sự lựa chọn không thể bỏ qua đối với người dùng.', '0'),
('1803202320840561',  N'Máy tính bảng Lenovo Yoga Tab 11',  N'Cái', '1003202313144411', '1003202313144071', '1003202313143451', 'lenovo-yoga-tab-11-1-2.jpg', '8890000', '2', N'Tablet Lenovo mang đến cho người dùng mẫu máy tính bảng mới với tên gọi Yoga Tab 11 cùng nhiều ưu điểm vượt trội như bộ vi xử lý chuyên game của MediaTek, màn hình kích thước lớn, âm thanh nổi sống động và các chế độ tiện ích đa dạng khác mà không thua kém gì các tablet cao cấp khác.', '0'),
('1803202320841561',  N'Máy tính bảng Xiaomi Redmi Pad',    N'Cái', '1803202319715131', '1003202313144071', '1003202313143451', 'xiaomi-redmi-pad-green-5.jpg', '6190000', '2', N'Xiaomi Redmi Pad (4GB/128GB) được xem là cái tên rất đáng mong đợi trên thị trường máy tính bảng giá rẻ hiện nay, máy được ra mắt vào đầu tháng 10/2022 với một mức giá bán khá ấn tượng, đi kèm là màn hình kích thước lớn, hiệu năng ổn định cùng một viên pin dung lượng khủng.', '0'),
('1803202320842441',  N'Máy tính bảng OPPO Pad Air',    N'Cái', '1003202313144321', '1003202313144071', '10032023221022461', 'oppo-pad-air-1.jpg', '6690000', '2', N'OPPO Pad Air là chiếc máy tính bảng đầu tiên OPPO phát hành chính hãng và kinh doanh tại thị trường Việt Nam. Với thông số khá ấn tượng cùng mức giá bán hấp dẫn giúp cho máy trở thành một đối thủ đáng gờm so với các tablet khác trên thị trường.', '0'),
('1803202320845001',  N'Đồng hồ thông minh Apple Watch S8 LTE 45mm viền thép',  N'Cái', '1003202313144261', '1003202313144111', '10032023221028561', 'apple-watch-s8-lte-45mm-vien-thep-trang-1.jpg', '21990000', '2', N'Màn hình OLED mang lại khả năng tái tạo hình ảnh rõ nét với độ tương phản cao mang lại trải nghiệm hiển thị vô cùng “đã mắt”. Không chỉ vậy, công nghệ màn hình này còn giúp thiết bị tiết kiệm năng lượng nhờ đó kéo dài thời gian sử dụng đồng hồ.', '0'),
('1803202320846191',  N'Đồng hồ thông minh Apple Watch Ultra LTE 49mm dây Alpine',  N'Cái', '1003202313144261', '1003202313144111', '1003202313143451', 'apple-watch-ultra-49mm-day-alpine-size-m-xanh-la-1.jpg', '19990000', '2', N'Sau khoảng hơn 8 năm thì Apple cũng đã có một vài thay đổi về thiết kế của dòng sản phẩm đồng hồ thông minh. Tuy vẫn giữ nét thanh lịch nhưng lại ẩn chứa sự hầm hố, tạo nên vẻ ngoài cực kỳ hút mắt, theo mình thì sản phẩm này sẽ phù hợp với ai thích phong cách cá tính, năng động.', '1'),
('1803202320847101',  N'Đồng hồ thông minh Apple Watch SE 2022 LTE',    N'Cái', '1003202313144261', '1003202313144111', '10032023221028561', 'apple-watch-se-2022-lte-44mm-trang-1.jpg', '8790000', '2', N'Phần mặt đồng hồ được chế tác theo dạng hình chữ nhật tinh tế, tỉ mỉ với các góc được bo tròn mềm mại. Chất liệu kính cường lực Ion-X bền bỉ, cho khả năng chịu lực tốt hơn đến 2.5 lần các dòng đồng hồ sử dụng kính thông thường nhưng khối lượng thì lại nhẹ hơn.', '0'),
('1803202320848191',  N'Đồng hồ thông minh Apple Watch Series 7 LTE',   N'Cái', '1003202313144261', '1003202313144111', '1003202313143261', 'apple-watch-s7-lte-41mm-vien-thep-xanh-1.jpg', '20990000', '2', N'Apple Watch S7 LTE 41 mm viền nhôm dây silicone có thiết kế được nâng cấp hơn so với phiên bản tiền nhiệm. Sở hữu vẻ ngoài sang trọng và hiện đại, Apple Watch S7 được thiết kế các góc bo tròn mềm mại với mặt đồng hồ được vác cong tạo cảm giác liền mạch hơn với khung viền.', '0'),
('1803202320849161',  N'Đồng hồ thông minh Apple Watch S8', N'Cái', '1003202313144261', '1003202313144111', '1003202313143381', 'apple-watch-s8-41mm-do-1.jpg', '11990000', '2', N'Đồng hồ thông minh Apple có khung viền được hoàn thiện từ hợp kim nhôm kết hợp cùng dây đeo silicone, dây vải với nhiều màu sắc. Bên cạnh đó, lớp vỏ xung quanh các cảm biến của thiết bị đã được đổi mới để phù hợp hơn với màu sắc của đồng hồ.', '0'),
('1803202320850391',  N'Đồng hồ thông minh Samsung Galaxy Watch5 Pro LTE',  N'Cái', '1003202313144291', '1003202313144111', '1003202313143331', 'sam-sung-galaxy-watch-5-pro-lte-1.jpg', '10990000', '2', N'Samsung đã cho ra mắt chiếc smartwatch có tên gọi là Galaxy Watch5 Pro LTE 45mm. Với những thay đổi về mặt thiết kế, chức năng theo dõi sức khỏe 24/7, đa dạng chế độ thể thao và hệ thống vệ tinh hiện đại hứa hẹn vẫn là sản phẩm làm hài lòng các tín đồ yêu công nghệ.', '0'),
('1803202320851391',  N'Đồng hồ thông minh Samsung Galaxy Watch5 Pro 45mm', N'Cái', '1003202313144291', '1003202313144111', '10032023221022461', 'sam-sung-galaxy-watch-5-pro-xam-1.jpg', '9990000', '2', N'Samsung đã cho ra mắt chiếc smartwatch có tên gọi là Galaxy Watch5 Pro LTE 45mm. Với những thay đổi về mặt thiết kế, chức năng theo dõi sức khỏe 24/7, đa dạng chế độ thể thao và hệ thống vệ tinh hiện đại hứa hẹn vẫn là sản phẩm làm hài lòng các tín đồ yêu công nghệ.', '0'),
('1803202320852331',  N'Đồng hồ thông minh Samsung Galaxy Watch5 LTE 44mm', N'Cái', '1003202313144291', '1003202313144111', '1003202313143331', 'samsung-galaxy-watch-5-44-mm-lte-1.jpg', '7490000', '2', N'Đồng hồ Galaxy Watch5 sở hữu mặt tròn quen thuộc được thiết kế tạo cảm giác liền mạch với khung viền hợp kim nhôm bền bỉ. Chất liệu kính cường lực quen thuộc ở các dòng Galaxy Watch đã được nâng cấp thành mặt kính Sapphire cao cấp giúp tăng độ cứng cho màn hình, giảm tình trạng trầy xước, nứt vỡ trong quá trình sử dụng. Dây đeo silicone trên các sản phẩm Galaxy Watch luôn được đánh giá cao về tính êm nhẹ, thoải mái cho cổ tay khi hoạt động nhiều hoặc đeo trong lúc ngủ.', '0'),
('1803202320855411',  N'Bao da bàn phím Magic Keyboard iPad Pro 5 12.9 inch Apple', N'Cái', '1003202313144261', '1003202313144141', '1003202313143331', 'magic-keyboard-ipad-pro-129-inch-gen-5-apple-1-1.jpg', '9990000', '2', N'Bao da bàn phím Magic Keyboard iPad Pro 5 12.9 inch Apple MJQK3 mỏng nhẹ, có khả năng chỉnh góc tiện lợi, hỗ trợ gõ phím trên iPad dễ dàng, thoải mái.', '0'),
('1803202320856281',  N'Tai nghe Bluetooth AirPods Pro MagSafe Charge Apple MLWK3',    N'Cái', '1003202313144261', '1003202313144141', '10032023221028561', 'bluetooth-airpods-pro-magsafe-charge-apple-mlwk3-0-1.jpg', '4790000', '2', N'Tai nghe Bluetooth AirPods Pro MagSafe Charge Apple MLWK3 được chế tác với vẻ ngoài tinh giản, gam màu trắng trẻ trung, sáng đẹp, phối hợp tuyệt vời với mọi trang phục từ đời thường đến công sở, dự tiệc của bạn. ', '0'),
('1803202320857131',  N'Tai nghe Bluetooth AirPods 3 Wireless Charge Apple MME73',  N'Cái', '1003202313144261', '1003202313144141', '10032023221028561', 'airpods-3-hop-sac-khong-day-0.jpg', '4690000', '2', N'Airpods 3 có thiết kế tương tự như AirPods Pro nhưng không còn phần eartips, đường viền và thân ngắn hơn cho âm thanh truyền tải đến tai tối ưu. Bề mặt tai nghe Bluetooth Apple phủ sắc trắng thời thượng, được làm từ các vật liệu tái chế với độ bền cao, bảo vệ môi trường sống của con người. ', '0'),
('1803202320857581',  N'Bút cảm ứng Apple Pencil 2 MU8F2',  N'Cái', '1003202313144261', '1003202313144141', '10032023221028561', 'but-cam-ung-apple-pencil-2-apple-mu8f2-1-org.jpg', '3500000', '2', N'Bút cảm ứng Apple Pencil Gen 2 có thiết kế tương tự như một chiếc bút chì. Với chiều dài 16.6 cm và trọng lượng 20.7 g, vỏ ngoài của bút không còn được làm bóng như những thế hệ trước mà được làm nhám mờ đem lại khả năng cầm chắc tay và linh hoạt khi sử dụng. Gam màu trắng bao phủ toàn bộ thân bút tạo nên sự nhẹ nhàng mà vẫn sang trọng.', '0'),
('1803202320858471',  N'Bàn phím Apple Magic Keyboard với phím số MQ052 Bạc',   N'Cái', '1003202313144261', '1003202313144141', '10032023221022511', 'magic-keyboard-voi-phim-so-1.jpg', '3890000', '2', N'Thiết kế bàn phím Apple Magic Keyboard với phím số MQ052 mỏng nhẹ, vẻ ngoài sang chảnh, phím bấm cực nhạy và còn nhiều điều thú vị nữa đang chờ đón bạn khi sở hữu chiếc bàn phím này.', '0'),
('1803202321900431',  N'Bộ loa thanh Samsung HW-Q990B 656W',    N'Cái', '1003202313144291', '1003202313144141', '1003202313143331', 'boloasamsung.png', '24990000', '2', N'Bộ loa thanh Samsung HW-Q990B 656W tái tạo âm thanh mạnh mẽ với hệ thống 11.1.4 kênh, công nghệ Q-Symphony kết hợp với loa tivi mang đến không gian giải trí đỉnh cao, công nghệ SpaceFit Sound+ tối ưu chất âm phù hợp với mọi không gian, truyền phát nhạc từ thiết bị di động đến loa chỉ bằng một cú chạm nhẹ với tính năng Tap Sound.', '0'),
('1803202321901451',  N'Tai nghe Bluetooth True Wireless Samsung Galaxy Buds 2 Pro R510N',  N'Cái', '1003202313144291', '1003202313144141', '10032023221028561', 'tai-nghe-bluetooth-true-wireless-galaxy-buds2-pro-1.jpg', '3490000', '2', N'Nhìn tổng thể, Galaxy Buds 2 Pro có ngoại hình tương tự như thế hệ tiền nhiệm. Phần hộp sạc vẫn giữ vẻ ngoài khá quen thuộc với thiết kế nhỏ nhắn, liền mạch đi cùng với nhiều phiên bản màu sắc cực “trendy”.', '0'),
('1803202321902291',  N'Loa thanh Samsung HW-S61B 200W',    N'Cái', '1003202313144291', '1003202313144141', '10032023221028561', 'loa-thanh-samsung-hw-s61b-0.jpg', '6540000', '2', N'Loa thanh Samsung HW-S61B 200W  có khả năng tái tạo âm thanh và cho chất lượng âm thanh vòm sống động. Bên cạnh đó, loa còn sở hữu công suất 200W và hỗ trợ người dùng kết nối không dây để phát nhạc từ xa một cách nhanh chóng, tiện lợi.', '0'),
('1803202321903551',  N'Tai nghe Bluetooth True Wireless Sony WF-1000XM4',  N'Cái', '1003202313144351', '1003202313144141', '1003202313143331', 'vi-vn-bluetooth-true-wireless-sony-wf-1000xm4-thumbvideo.jpg', '4890000', '2', N'Tai nghe Bluetooth True Wireless Sony WF-1000XM4 được phủ gam màu đen nhám sang trọng, thiết kế nhỏ gọn dễ dàng bỏ túi mang đi khắp nơi. Hộp sạc được thiết kế có nam châm đóng mở nhẹ nhàng. ', '0'),
('1803202321906401',  N'Loa Bluetooth Sony SRS-XE200',  N'Cái', '1003202313144351', '1003202313144141', '1003202313143331', 'loa-bluetooth-sony-srs-xe200-den-1-1.jpg', '260000', '2', N'Loa Bluetooth Sony SRS-XE200 đánh dấu sự trở lại của nhà Sony vào năm 2022 này khi tình hình dịch bệnh ổn định. Ở lần quay lại này, Sony thực sự gây ấn tượng với kiểu thiết kế loa hoàn toàn mới lạ, hứa hẹn sẽ thu hút người dùng.', '0'),
('1803202321909401',  N'Tai Nghe Bluetooth True Wireless Anker SoundCore Liberty 2 Pro A3909',  N'Cái', '1803202321907511', '1003202313144141', '1003202313143331', 'tai-nghe-true-wireless-anker-liberty-2-pro-a3909-2-org.jpg', '2000000', '2', N'Tai Nghe Bluetooth True Wireless Anker SoundCore Liberty 2 Pro A3909 có tính thẩm mỹ cao, thiết kế nhỏ gọn với nắp hộp sạc mở theo cơ chế trượt, hạn chế hiện tượng bung nắp giúp bảo vệ thiết bị tốt hơn.', '0'),
('1803202321910291',  N'Pin sạc dự phòng Polymer 5000mAh Không dây Magnetic Type C Anker MagGo A1611',  N'Cái', '1803202321907511', '1003202313144141', '10032023221028561', 'sac-du-phong-polymer-5000mah-magnetic-type-c-anker-maggo-a1611-trang-1.jpg', '1400000', '2', N'Pin sạc dự phòng Polymer 5000mAh Không dây Magnetic Type C Anker MagGo A1611 sở hữu ngoại hình đẹp mắt, khối lượng gọn nhẹ, tích hợp sạc không dây tiện lợi,...', '0'),
('1803202321911061',  N'Pin sạc dự phòng Polymer 20000mAh Type C PD 20W PowerCore Essential Anker A1287',   N'Cái', '1803202321907511', '1003202313144141', '1003202313143331', 'pin-polymer-20000mah-type-c-pd-20w-anker-a1287-2.jpg', '1600000', '2', N'Power Delivery được tích hợp trên cổng Type-C có khả năng tinh chỉnh dòng sạc phù hợp với từng thiết bị, giúp bổ sung năng lượng nhanh chóng, khi sạc cho iPhone 12 đầy 50% chỉ trong 30 phút.', '0'),
('1803202321912341',  N'Chuột Không dây Bluetooth Logitech MX Anywhere 3',  N'Cái', '1803202321908001', '1003202313144141', '1003202313143331', 'chuot-khong-day-logitech-mx-anywhere-3-den-den-1.jpg', '2155000', '2', N'Chuột không dây Logitech MX Anywhere 3 Xám được chế tác tinh xảo, chất liệu nút cuộn bằng thép gia công, cạnh viền hông làm từ silicone cho cảm giác mềm êm khi di chuột. Thiết kế không dây tránh vướng víu trong từng thao tác, chuyển động chuột tự do, thoải mái hơn. ', '0'),
('1803202321913311',  N'Bàn Phím Không Dây Bluetooth Logitech K580',    N'Cái', '1803202321908001', '1003202313144141', '10032023221028561', 'khong-day-logitech-k580-trang-1-org.jpg', '1495000', '2', N'Thiết kế tối giản, sang trọng với 2 màu trắng - đen, bàn phím Logitech K580 hài hòa với phong cách bàn làm việc từ hiện đại đến cổ điển, có thể đặt vào túi xách lớn, vali để mang đi khi du lịch, công tác hay đến công sở, rất phương tiện và đơn giản. ', '0'),
('1803202321914151',  N'Tai nghe Chụp Tai Gaming Logitech G431 7.1',    N'Cái', '1803202321908001', '1003202313144141', '1003202313143261', 'tai-nghe-chup-tai-gaming-logitech-g431-71-den-xanh-1-org.jpg', '1435000', '2', N'Nhìn tổng quan bên ngoài, mình thấy tai nghe có kiểu dáng khá đẹp mắt. Phần chụp tai được thiết kế dạng hình ngũ giác bất đối xứng cùng với đường viền xanh dương và logo tạo cảm giác cực kỳ cá tính, phù hợp với các game thủ. Lớp đệm ở phần chụp tai được thiết kế vừa phải, đủ tạo cho mình cảm giác êm ái khi đeo.', '0'),
('1803202321915301',  N'Loa Bluetooth JBL FLIP4',   N'Cái', '1803202321908061', '1003202313144141', '1003202313143261', 'loa-bluetooth-jbl-flip4blu-xanh-duong-1-org.jpg', '2690000', '2', N'Loa Bluetooth JBL FLIP4BLU có thiết kế trẻ trung, màu sắc nổi bật, cùng kích thước nhỏ gọn, cho bạn dễ dàng mang theo khi đi du lịch, dã ngoại', '0'),
('1803202321916201',  N'Loa Bluetooth JBL Go 3',    N'Cái', '1803202321908061', '1003202313144141', '1003202313143261', 'bluetooth-jbl-go-3-xanh-den-2-1.jpg', '1020000', '2', N'Loa bluetooth JBL Go 3 phong cách trẻ trung, thiết kế nhỏ gọn, sang trọng, dễ mang theo', '0'),
('1803202321917081',  N'Loa Bluetooth JBL Go Essential',    N'Cái', '1803202321908061', '1003202313144141', '1003202313143331', 'loa-bluetooth-jbl-go-essential-1-1.jpg', '765000', '2', N'Loa Bluetooth JBL Go Essential với thiết kế nhỏ gọn nhưng đem lại chất âm bùng nổ, lấp đầy âm thanh cho căn phòng của bạn.', '0');


INSERT INTO GioHang VALUES
('GH010420232239383', '1', '2', '10032023221021591', NULL),
('GH010420232239473', '1', '1', '10032023221021591', NULL),
('GH010420232240483', '5', '1', '10032023221021591', '2c14a15f-32db-4432-9f8a-573a4378c89c'),
('GH010420232241363', '3', '1', '10032023221021591', '2c14a15f-32db-4432-9f8a-573a4378c89c'),
('GH010420232242483', '1', '1', '1003202313146161', '2c14a15f-32db-4432-9f8a-573a4378c89c'),
('GH010420232242503', '1', '1', '10032023221016121', '2c14a15f-32db-4432-9f8a-573a4378c89c'),
('GH010420232242523', '1', '1', '10032023221021591', '2c14a15f-32db-4432-9f8a-573a4378c89c'),
('GH010420232242543', '1', '1', '10032023221018561', '2c14a15f-32db-4432-9f8a-573a4378c89c'),
('GH010420232243293', '1', '1', '1003202313146161', '2c14a15f-32db-4432-9f8a-573a4378c89c'),
('GH010420232243313', '1', '1', '10032023221016121', '2c14a15f-32db-4432-9f8a-573a4378c89c'),
('GH010420232243493', '1', '2', '1003202313146161', NULL),
('GH010420232243593', '1', '1', '1003202313146161', NULL),
('GH010420232244443', '1', '1', '10032023221021591', 'bf30d9bc-301a-4406-a817-4aecefa35c4e'),
('GH010420232244463', '1', '1', '10032023221018561', 'bf30d9bc-301a-4406-a817-4aecefa35c4e'),
('GH010420232245353', '1', '1', '1003202313146161', 'bf30d9bc-301a-4406-a817-4aecefa35c4e'),
('GH010420232245373', '1', '1', '10032023221021591', 'bf30d9bc-301a-4406-a817-4aecefa35c4e'),
('GH010420232246263', '1', '1', '1803202320813081', 'bf30d9bc-301a-4406-a817-4aecefa35c4e'),
('GH010420232246283', '1', '1', '1803202320812031', 'bf30d9bc-301a-4406-a817-4aecefa35c4e'),
('GH010520232140213', '1', '2', '1803202320813081', NULL),
('GH010520232140343', '1', '1', '1803202320813081', NULL),
('GH020420231515043', '1', '2', '1803202319726031', NULL),
('GH020420231515153', '1', '1', '1803202319726031', NULL),
('GH020420231531223', '3', '1', '10032023221016121', '051ad717-04f9-4446-a0f0-32ec8dde64af'),
('GH020420231707303', '1', '1', '1803202320835521', '051ad717-04f9-4446-a0f0-32ec8dde64af'),
('GH020420231710403', '3', '-1', '10032023221016121', '051ad717-04f9-4446-a0f0-32ec8dde64af'),
('GH020420231712363', '1', '2', '10032023221016121', NULL),
('GH020420231712463', '1', '1', '10032023221016121', NULL),
('GH020420231714233', '1', '1', '1003202313146161', '051ad717-04f9-4446-a0f0-32ec8dde64af'),
('GH020420231714313', '1', '1', '10032023221021591', '051ad717-04f9-4446-a0f0-32ec8dde64af'),
('GH020420231714343', '1', '1', '10032023221027591', '051ad717-04f9-4446-a0f0-32ec8dde64af'),
('GH020420231716263', '1', '1', '1003202313146161', '051ad717-04f9-4446-a0f0-32ec8dde64af'),
('GH020420231716273', '1', '1', '10032023221016121', '051ad717-04f9-4446-a0f0-32ec8dde64af'),
('GH020420231716333', '1', '1', '10032023221018561', '051ad717-04f9-4446-a0f0-32ec8dde64af'),
('GH020420231718083', '1', '1', '1003202313146161', '051ad717-04f9-4446-a0f0-32ec8dde64af'),
('GH020420231718103', '1', '1', '10032023221016121', '051ad717-04f9-4446-a0f0-32ec8dde64af'),
('GH020420231718143', '1', '1', '10032023221021591', '051ad717-04f9-4446-a0f0-32ec8dde64af'),
('GH020420231718563', '1', '1', '1003202313146161', '051ad717-04f9-4446-a0f0-32ec8dde64af'),
('GH020420231719013', '1', '1', '1803202319713511', '051ad717-04f9-4446-a0f0-32ec8dde64af'),
('GH020420231719033', '1', '-1', '1803202319711431', '051ad717-04f9-4446-a0f0-32ec8dde64af'),
('GH020520232053303', '1', '2', '1803202320845001', NULL),
('GH020520232053583', '1', '1', '1803202320845001', NULL),
('GH030520231943413', '1', '2', '10032023221029471', NULL),
('GH030520231943463', '1', '2', '10032023221029471', NULL),
('GH030520231943543', '1', '2', '10032023221029471', NULL),
('GH030520231944013', '1', '1', '10032023221029471', NULL),
('GH040420231516223', '1', '-1', '10032023221021591', '051ad717-04f9-4446-a0f0-32ec8dde64af'),
('GH040420231633353', '1', '2', '10032023221021591', NULL),
('GH040420231634243', '1', '1', '10032023221021591', NULL),
('GH040520231959063', '1', '2', '1803202320857581', NULL),
('GH040520231959203', '1', '1', '1803202320857581', NULL),
('GH050520232224033', '1', '2', '1803202319734401', NULL),
('GH050520232224163', '1', '1', '1803202319734401', NULL),
('GH060420232002203', '1', '-1', '1803202320835521', '051ad717-04f9-4446-a0f0-32ec8dde64af'),
('GH060420232002563', '1', '-1', '10032023221016121', '051ad717-04f9-4446-a0f0-32ec8dde64af'),
('GH060520231202033', '1', '2', '1803202320836521', NULL),
('GH060520231202093', '1', '1', '1803202320836521', NULL),
('GH060520232118283', '1', '2', '10032023221021591', NULL),
('GH060520232118353', '1', '1', '10032023221021591', NULL),
('GH080520232330513', '1', '2', '1803202320846191', NULL),
('GH080520232330583', '1', '1', '1803202320846191', NULL),
('GH090520231421243', '1', '2', '10032023221029471', NULL),
('GH090520231421313', '1', '1', '10032023221029471', NULL),
('GH090520231426093', '1', '2', '1803202319718091', NULL),
('GH090520231426153', '1', '1', '1803202319718091', NULL),
('GH090520231426353', '1', '2', '10032023221027591', NULL),
('GH090520231426413', '1', '1', '10032023221027591', NULL),
('GH090520231428413', '1', '2', '1803202319713511', NULL),
('GH090520231428483', '1', '1', '1803202319713511', NULL),
('GH090520231429003', '1', '2', '1803202319711431', NULL),
('GH090520231429063', '1', '1', '1803202319711431', NULL),
('GH090520231429583', '1', '2', '1003202313146161', NULL),
('GH090520231430043', '1', '1', '1003202313146161', NULL),
('GH090520231430393', '1', '2', '10032023221021591', NULL),
('GH090520231430463', '1', '2', '10032023221021591', NULL),
('GH090520231430503', '1', '2', '10032023221021591', NULL),
('GH090520231430543', '1', '2', '10032023221021591', NULL),
('GH090520231431123', '1', '1', '10032023221021591', NULL),
('GH090520231434553', '1', '2', '1803202319713511', NULL),
('GH090520231435053', '1', '1', '1803202319713511', NULL),
('GH100520232122203', '1', '2', '10032023221029471', NULL),
('GH100520232126153', '1', '1', '10032023221029471', NULL),
('GH100520232138023', '1', '0', '10032023221027591', '051ad717-04f9-4446-a0f0-32ec8dde64af'),
('GH100520232138043', '1', '0', '10032023221021591', '051ad717-04f9-4446-a0f0-32ec8dde64af'),
('GH110420231537373', '1', '1', '1803202319713511', NULL),
('GH110420231558553', '1', '1', '1803202319713511', NULL),
('GH110420231847143', '1', '1', '10032023221016121', NULL),
('GH110420231859183', '1', '1', '1003202313146161', NULL),
('GH110420231912473', '1', '1', '1003202313146161', NULL),
('GH110420231914093', '1', '1', '10032023221027591', NULL),
('GH14', '1', '1', '10032023221021591', NULL),
('GH150420232041493', '1', '1', '1003202313146161', NULL),
('GH16', '1', '1', '10032023221016121', NULL),
('GH18', '1', '1', '10032023221029471', NULL),
('GH190320232334263', '1', '2', '10032023221021591', NULL),
('GH190320232334553', '1', '1', '10032023221021591', NULL),
('GH190320232336353', '1', '2', '1803202319734401', NULL),
('GH190320232336463', '1', '1', '1803202319734401', NULL),
('GH190320232337303', '1', '2', '1803202319752291', NULL),
('GH190320232337403', '1', '1', '1803202319752291', NULL),
('GH190320232337443', '1', '1', '1803202319752291', NULL),
('GH190320232339183', '1', '1', '1803202320836521', '2c14a15f-32db-4432-9f8a-573a4378c89c'),
('GH190320232339263', '1', '1', '1803202319739001', '2c14a15f-32db-4432-9f8a-573a4378c89c'),
('GH190320232340313', '1', '1', '1803202319734401', '2c14a15f-32db-4432-9f8a-573a4378c89c'),
('GH190320232340483', '1', '1', '1803202320836521', '2c14a15f-32db-4432-9f8a-573a4378c89c'),
('GH2', '1', '1', '10032023221016121', NULL),
('GH20', '1', '1', '10032023221029471', NULL),
('GH200320232014323', '1', '2', '1803202319753441', NULL),
('GH200320232014573', '1', '1', '1803202319753441', NULL),
('GH200320232020313', '1', '2', '1803202319752291', NULL),
('GH200320232020473', '1', '1', '1803202319752291', NULL),
('GH200320232021473', '1', '2', '1003202313146161', NULL),
('GH200320232023503', '1', '2', '1003202313146161', NULL),
('GH200320232024213', '1', '1', '1003202313146161', NULL),
('GH200320232031553', '1', '2', '10032023221029471', NULL),
('GH200320232032303', '1', '1', '10032023221029471', NULL),
('GH200320232032403', '1', '1', '10032023221029471', NULL),
('GH200320232032483', '1', '2', '10032023221029471', NULL),
('GH200320232032563', '1', '1', '10032023221029471', NULL),
('GH200320232037043', '1', '2', '1003202313146161', NULL),
('GH200320232037233', '1', '2', '1003202313146161', NULL),
('GH200320232040513', '1', '2', '1003202313146161', NULL),
('GH200320232041073', '1', '2', '10032023221016121', NULL),
('GH200320232042153', '1', '2', '10032023221016121', NULL),
('GH200320232042363', '1', '2', '10032023221016121', NULL),
('GH200320232045393', '1', '2', '10032023221016121', NULL),
('GH200320232046013', '1', '2', '10032023221018561', NULL),
('GH200320232057033', '1', '2', '10032023221018561', NULL),
('GH200320232057383', '1', '2', '10032023221016121', NULL),
('GH200320232117293', '1', '2', '1003202313146161', NULL),
('GH200320232117533', '1', '2', '10032023221029471', NULL),
('GH200320232119233', '1', '2', '1003202313146161', NULL),
('GH200320232121003', '1', '2', '1803202319711431', NULL),
('GH200320232121373', '1', '2', '1003202313146161', NULL),
('GH200320232121483', '1', '1', '1003202313146161', NULL),
('GH200320232205353', '1', '2', '10032023221016121', NULL),
('GH200320232205453', '1', '1', '10032023221016121', NULL),
('GH200320232215043', '1', '2', '1003202313146161', NULL),
('GH200320232215143', '1', '1', '1003202313146161', NULL),
('GH200320232217113', '1', '2', '10032023221029471', NULL),
('GH200320232217213', '1', '1', '10032023221029471', NULL),
('GH200320232217593', '1', '2', '10032023221029471', NULL),
('GH200320232218073', '1', '1', '10032023221029471', NULL),
('GH200320232218323', '1', '2', '1803202319713511', NULL),
('GH200320232218413', '1', '1', '1803202319713511', NULL),
('GH210320231626193', '1', '2', '1803202320835521', NULL),
('GH210320231626313', '1', '1', '1803202320835521', NULL),
('GH210320231626573', '1', '2', '10032023221016121', NULL),
('GH210320231627073', '1', '1', '10032023221016121', NULL),
('GH210320231641433', '1', '2', '1803202320855411', NULL),
('GH210320231641533', '1', '1', '1803202320855411', NULL),
('GH210320231643493', '1', '2', '1803202320846191', NULL),
('GH210320231644003', '1', '1', '1803202320846191', NULL),
('GH210320231644033', '1', '2', '1803202320846191', NULL),
('GH210320231644123', '1', '1', '1803202320846191', NULL),
('GH210320232210073', '1', '1', '1803202319732331', 'bf30d9bc-301a-4406-a817-4aecefa35c4e'),
('GH210320232210273', '1', '1', '1803202319752291', 'bf30d9bc-301a-4406-a817-4aecefa35c4e'),
('GH210320232229203', '1', '2', '1803202320848191', NULL),
('GH210320232229363', '1', '1', '1803202319722101', 'bf30d9bc-301a-4406-a817-4aecefa35c4e'),
('GH210320232229403', '1', '1', '1803202319734401', 'bf30d9bc-301a-4406-a817-4aecefa35c4e'),
('GH210420232113253', '1', '1', '10032023221016121', NULL),
('GH210420232202273', '1', '1', '1003202313146161', '051ad717-04f9-4446-a0f0-32ec8dde64af'),
('GH210420232243503', '1', '1', '1003202313146161', '051ad717-04f9-4446-a0f0-32ec8dde64af'),
('GH210420232244303', '1', '1', '1003202313146161', NULL),
('GH210420232246173', '1', '1', '10032023221016121', NULL),
('GH220320230937453', '1', '1', '10032023221016121', '051ad717-04f9-4446-a0f0-32ec8dde64af'),
('GH220320230937483', '1', '1', '1003202313146161', '051ad717-04f9-4446-a0f0-32ec8dde64af'),
('GH220320230941113', '1', '2', '10032023221021591', NULL),
('GH220320230944063', '1', '1', '1003202313146161', '051ad717-04f9-4446-a0f0-32ec8dde64af'),
('GH220320230944093', '1', '1', '10032023221027591', '051ad717-04f9-4446-a0f0-32ec8dde64af'),
('GH220320230944123', '1', '1', '10032023221029471', '051ad717-04f9-4446-a0f0-32ec8dde64af'),
('GH220320230956053', '1', '1', '1803202320805011', '051ad717-04f9-4446-a0f0-32ec8dde64af'),
('GH220320230956083', '1', '1', '1803202320800291', '051ad717-04f9-4446-a0f0-32ec8dde64af'),
('GH220320230959453', '1', '1', '1803202319751401', '051ad717-04f9-4446-a0f0-32ec8dde64af'),
('GH220320230959543', '1', '1', '1803202319736291', '051ad717-04f9-4446-a0f0-32ec8dde64af'),
('GH220320231005113', '1', '1', '1803202319722101', '051ad717-04f9-4446-a0f0-32ec8dde64af'),
('GH220320231005143', '1', '1', '1803202319718091', '051ad717-04f9-4446-a0f0-32ec8dde64af'),
('GH220320231020353', '1', '1', '1803202321915301', '051ad717-04f9-4446-a0f0-32ec8dde64af'),
('GH220320231020373', '1', '1', '1803202321916201', '051ad717-04f9-4446-a0f0-32ec8dde64af'),
('GH220320231554323', '1', '2', '10032023221018561', NULL),
('GH220320231554383', '1', '1', '10032023221018561', NULL),
('GH220420232051513', '1', '1', '10032023221021591', NULL),
('GH220420232054163', '1', '1', '10032023221021591', '051ad717-04f9-4446-a0f0-32ec8dde64af'),
('GH220420232054183', '1', '1', '10032023221027591', '051ad717-04f9-4446-a0f0-32ec8dde64af'),
('GH220420232106453', '1', '1', '10032023221016121', NULL),
('GH230320231447403', '1', '2', '1003202313146161', NULL),
('GH230320231448173', '1', '1', '1003202313146161', NULL),
('GH230320231448493', '1', '2', '1803202319722101', NULL),
('GH230320231448593', '1', '1', '1803202319722101', NULL),
('GH230420232113343', '1', '1', '1003202313146161', NULL),
('GH240420231545423', '1', '1', '10032023221021591', NULL),
('GH250320232151403', '1', '2', '1803202320813081', NULL),
('GH250320232151553', '1', '1', '1803202320813081', NULL),
('GH250320232152223', '1', '2', '1803202320813081', NULL),
('GH250320232152273', '1', '2', '1803202320813081', NULL),
('GH250320232152493', '1', '2', '10032023221021591', NULL),
('GH250320232152593', '1', '2', '10032023221021591', NULL),
('GH250320232155003', '1', '2', '1803202320813081', NULL),
('GH250320232155113', '1', '1', '1803202320813081', NULL),
('GH250320232155153', '1', '1', '1803202320813081', NULL),
('GH250320232220443', '1', '2', '1803202320813081', NULL),
('GH250320232220543', '1', '1', '1803202320813081', NULL),
('GH250320232222383', '1', '2', '1803202320813081', NULL),
('GH250320232222473', '1', '2', '1803202320813081', NULL),
('GH250320232222503', '1', '2', '1803202320813081', NULL),
('GH250320232222593', '1', '1', '1803202320813081', NULL),
('GH250320232223433', '1', '1', '1803202320813081', '051ad717-04f9-4446-a0f0-32ec8dde64af'),
('GH250320232224143', '1', '1', '1803202320813081', '051ad717-04f9-4446-a0f0-32ec8dde64af'),
('GH250320232224163', '1', '1', '1803202319751401', '051ad717-04f9-4446-a0f0-32ec8dde64af'),
('GH250320232224353', '1', '1', '1003202313146161', '051ad717-04f9-4446-a0f0-32ec8dde64af'),
('GH250320232224363', '1', '1', '10032023221021591', '051ad717-04f9-4446-a0f0-32ec8dde64af'),
('GH250420231834433', '1', '1', '1003202313146161', NULL),
('GH260320231405503', '1', '2', '10032023221021591', NULL),
('GH260320231406313', '1', '1', '10032023221021591', NULL),
('GH260320231407363', '1', '1', '10032023221016121', 'bf30d9bc-301a-4406-a817-4aecefa35c4e'),
('GH260320231407403', '1', '1', '1803202319711431', 'bf30d9bc-301a-4406-a817-4aecefa35c4e'),
('GH260320231407423', '2', '1', '1803202319713511', 'bf30d9bc-301a-4406-a817-4aecefa35c4e'),
('GH260320231408283', '1', '1', '10032023221018561', 'bf30d9bc-301a-4406-a817-4aecefa35c4e'),
('GH260320231408313', '1', '1', '1803202319711431', 'bf30d9bc-301a-4406-a817-4aecefa35c4e'),
('GH260320231412213', '3', '1', '1003202313146161', '051ad717-04f9-4446-a0f0-32ec8dde64af'),
('GH260320231417143', '1', '2', '10032023221018561', NULL),
('GH260320231417243', '1', '1', '10032023221018561', NULL),
('GH260320231418263', '3', '1', '10032023221016121', '051ad717-04f9-4446-a0f0-32ec8dde64af'),
('GH260320231418283', '1', '1', '10032023221018561', '051ad717-04f9-4446-a0f0-32ec8dde64af'),
('GH260320231418303', '1', '1', '1003202313146161', '051ad717-04f9-4446-a0f0-32ec8dde64af'),
('GH260320231418333', '1', '1', '1803202320846191', '051ad717-04f9-4446-a0f0-32ec8dde64af'),
('GH260320231420163', '1', '1', '10032023221029471', 'bf30d9bc-301a-4406-a817-4aecefa35c4e'),
('GH260320231420183', '1', '1', '10032023221027591', 'bf30d9bc-301a-4406-a817-4aecefa35c4e'),
('GH260320231819503', '1', '2', '10032023221016121', NULL),
('GH260320231820223', '1', '1', '10032023221016121', NULL),
('GH260420231516593', '1', '1', '10032023221021591', NULL),
('GH260420231522143', '1', '1', '10032023221027591', NULL),
('GH27', '1', '1', '10032023221027591', NULL),
('GH270420231511363', '1', '1', '10032023221016121', NULL),
('GH270420231515513', '1', '1', '10032023221027591', NULL),
('GH270420231527103', '1', '1', '1803202319713511', NULL),
('GH280420231344313', '1', '2', '10032023221029471', NULL),
('GH280420231344433', '1', '1', '10032023221029471', NULL),
('GH280420232048033', '1', '2', '10032023221021591', NULL),
('GH280420232048123', '1', '2', '1803202320845001', NULL),
('GH280420232048183', '1', '2', '1803202320845001', NULL),
('GH280420232048403', '1', '1', '1803202320845001', NULL),
('GH290320231653333', '1', '2', '1803202319713511', NULL),
('GH290320231653433', '1', '1', '1803202319713511', NULL),
('GH290320231700453', '1', '2', '1803202319713511', NULL),
('GH290320231700573', '1', '1', '1803202319713511', NULL),
('GH290320231701343', '1', '2', '10032023221021591', NULL),
('GH290320231701483', '1', '1', '10032023221021591', NULL),
('GH290320231704003', '1', '2', '10032023221021591', NULL),
('GH290320231704083', '1', '1', '10032023221021591', NULL),
('GH290320231704543', '1', '2', '10032023221021591', NULL),
('GH290320231705023', '1', '1', '10032023221021591', NULL),
('GH290320231719583', '1', '2', '10032023221018561', NULL),
('GH290320231720073', '1', '1', '10032023221018561', NULL),
('GH290320231722033', '1', '2', '1003202313146161', NULL),
('GH290320231722133', '1', '1', '1003202313146161', NULL),
('GH290320231730353', '1', '2', '10032023221018561', NULL),
('GH290320231730463', '1', '1', '10032023221018561', NULL),
('GH290320231731143', '1', '2', '10032023221018561', NULL),
('GH290320231731223', '1', '1', '10032023221018561', NULL),
('GH290320231734113', '1', '2', '10032023221016121', NULL),
('GH290320231734193', '1', '1', '10032023221016121', NULL),
('GH290320231928003', '1', '2', '10032023221018561', NULL),
('GH290320231928283', '1', '1', '10032023221018561', NULL),
('GH290320231930353', '1', '2', '10032023221016121', NULL),
('GH290320231930383', '1', '1', '10032023221016121', NULL),
('GH290420231416133', '1', '2', '1803202321900431', NULL),
('GH290420231416283', '1', '1', '1803202321900431', NULL),
('GH290420231420223', '1', '1', '1803202321916201', '051ad717-04f9-4446-a0f0-32ec8dde64af'),
('GH290420231431193', '9', '1', '1003202313146161', '051ad717-04f9-4446-a0f0-32ec8dde64af'),
('GH290420231431223', '1', '1', '10032023221021591', '051ad717-04f9-4446-a0f0-32ec8dde64af'),
('GH290420231431273', '1', '1', '10032023221027591', '051ad717-04f9-4446-a0f0-32ec8dde64af'),
('GH290420232030313', '1', '1', '10032023221016121', '051ad717-04f9-4446-a0f0-32ec8dde64af'),
('GH290420232030333', '1', '1', '10032023221027591', '051ad717-04f9-4446-a0f0-32ec8dde64af'),
('GH290420232030363', '2', '1', '10032023221021591', '051ad717-04f9-4446-a0f0-32ec8dde64af'),
('GH300420231622273', '1', '2', '1803202320845001', NULL),
('GH300420231622463', '1', '1', '1803202320845001', NULL),
('GH33', '1', '1', '10032023221021591', NULL),
('GH36', '1', '1', '10032023221021591', NULL),
('GH38', '2', '1', '10032023221021591', '051ad717-04f9-4446-a0f0-32ec8dde64af'),
('GH4', '1', '1', '1003202313146161', NULL),
('GH40', '1', '1', '10032023221029471', NULL),
('GH42', '1', '1', '10032023221021591', NULL),
('GH45', '3', '1', '10032023221016121', '051ad717-04f9-4446-a0f0-32ec8dde64af'),
('GH46', '3', '1', '10032023221016121', '051ad717-04f9-4446-a0f0-32ec8dde64af'),
('GH48', '1', '1', '10032023221016121', NULL),
('GH49', '1', '1', '10032023221016121', '051ad717-04f9-4446-a0f0-32ec8dde64af'),
('GH50', '1', '1', '1003202313146161', '051ad717-04f9-4446-a0f0-32ec8dde64af'),
('GH51', '1', '1', '10032023221018561', '051ad717-04f9-4446-a0f0-32ec8dde64af'),
('GH52', '2', '1', '10032023221021591', '051ad717-04f9-4446-a0f0-32ec8dde64af'),
('GH54', '1', '1', '10032023221029471', NULL),
('GH56', '1', '1', '10032023221029471', NULL),
('GH68', '1', '1', '10032023221027591', NULL),
('GH69', '1', '1', '10032023221027591', NULL),
('GH7', '1', '1', '10032023221018561', NULL),
('GH71', '1', '1', '10032023221021591', NULL),
('GH73', '1', '1', '10032023221021591', NULL),
('GH77', '1', '1', '10032023221021591', NULL),
('GH78', '1', '1', '10032023221021591', NULL),
('GH80', '1', '1', '10032023221016121', '051ad717-04f9-4446-a0f0-32ec8dde64af'),
('GH81', '1', '1', '1003202313146161', '051ad717-04f9-4446-a0f0-32ec8dde64af'),
('GH82', '1', '1', '10032023221018561', '051ad717-04f9-4446-a0f0-32ec8dde64af'),
('GH84', '1', '1', '10032023221021591', NULL),
('GH86', '1', '1', '1003202313146161', NULL),
('GH88', '1', '1', '10032023221016121', NULL),
('GH9', '1', '1', '10032023221021591', NULL),
('GH90', '1', '1', '10032023221021591', NULL),
('GH92', '1', '1', '10032023221021591', NULL),
('GH93', '2', '1', '10032023221021591', '2c14a15f-32db-4432-9f8a-573a4378c89c');




INSERT INTO HoaDon VALUES 
('638141686671248109', '2023-03-11 21:57:47.1252216', NULL, '31990000', NULL, 'vnpay', '1', '0'),
('638142169334450193', '2023-03-12 11:22:13.4455388', NULL, '28999000', NULL, 'vnpay', '1', '0'),
('638142455854419575', '2023-03-12 19:19:45.4420734', '051ad717-04f9-4446-a0f0-32ec8dde64af', '18854640', 'GPMN2023', 'vnpay', '1', '0'),
('638142457201353743', '2023-03-12 19:22:00.1355792', NULL, '34375440', 'GPMN2023', 'vnpay', '1', '0'),
('638142539639994262', '2023-03-12 21:39:24.0023774', '051ad717-04f9-4446-a0f0-32ec8dde64af', '31990000', NULL, 'vnpay', '-1', '0'),
('638143308790859753', '2023-03-13 19:01:19.0864250', NULL, '6490000', NULL, 'vnpay', '-1', '0'),
('638143309699103455', '2023-03-13 19:02:49.9103522', NULL, '6490000', NULL, 'vnpay', '-1', '0'),
('638143316008054606', '2023-03-13 19:13:20.8059426', NULL, '19990000', NULL, 'vnpay', '1', '0'),
('638143319130887512', '2023-03-13 19:18:33.0887582', NULL, '34375440', 'GPMN2023', 'vnpay', '1', '0'),
('638143321841399240', '2023-03-13 19:23:04.1401517', '051ad717-04f9-4446-a0f0-32ec8dde64af', '98780000', NULL, 'vnpay', '1', '0'),
('638143325121832092', '2023-03-13 19:28:32.1839537', '051ad717-04f9-4446-a0f0-32ec8dde64af', '6490000', NULL, 'vnpay', '-1', '0'),
('638144014215552149', '2023-03-14 14:37:01.5553319', NULL, '49390000', NULL, 'vnpay', '1', '0'),
('638144016569299259', '2023-03-14 14:40:56.9299294', '051ad717-04f9-4446-a0f0-32ec8dde64af', '31990000', NULL, 'vnpay', '1', '0'),
('638144017063289971', '2023-03-14 14:41:46.3289994', '051ad717-04f9-4446-a0f0-32ec8dde64af', '105479000', NULL, 'vnpay', '0', '0'),
('638144024321110804', '2023-03-14 14:53:52.1112575', '051ad717-04f9-4446-a0f0-32ec8dde64af', '76480000', NULL, 'vnpay', '1', '0'),
('638144031999156594', '2023-03-14 15:06:39.9162329', NULL, '6490000', NULL, 'vnpay', '-1', '0'),
('638144043700657403', '2023-03-14 15:26:10.0657466', NULL, '19990000', NULL, 'vnpay', '1', '0'),
('638144044215998299', '2023-03-14 15:27:01.5998344', NULL, '49390000', NULL, 'vnpay', '1', '0'),
('638145605612407731', '2023-03-16 10:49:21.2414299', '051ad717-04f9-4446-a0f0-32ec8dde64af', '49390000', NULL, 'vnpay', '1', '0'),
('638145606549596621', '2023-03-16 10:50:54.9596664', '051ad717-04f9-4446-a0f0-32ec8dde64af', '49390000', NULL, 'vnpay', '1', '0'),
('638145606939406941', '2023-03-16 10:51:33.9406984', '051ad717-04f9-4446-a0f0-32ec8dde64af', '98780000', NULL, 'vnpay', '1', '0'),
('638147615580720388', '2023-03-18 18:39:18.0723134', NULL, '49390000', NULL, 'vnpay', '1', '0'),
('638147616480622107', '2023-03-18 18:40:48.0622176', NULL, '28999000', NULL, 'vnpay', '1', '0'),
('638147616909938713', '2023-03-18 18:41:30.9938774', NULL, '31990000', NULL, 'vnpay', '1', '0'),
('638147617922791965', '2023-03-18 18:43:12.2792027', NULL, '49390000', NULL, 'vnpay', '1', '0'),
('638147618348182819', '2023-03-18 18:43:54.8182883', NULL, '49390000', NULL, 'vnpay', '1', '0'),
('638147619047223347', '2023-03-18 18:45:04.7223377', '2c14a15f-32db-4432-9f8a-573a4378c89c', '98780000', NULL, 'vnpay', '1', '0'),
('638148656953214434', '2023-03-19 23:34:55.3221331', NULL, '49390000', NULL, 'vnpay', '1', '0'),
('638148658066203482', '2023-03-19 23:36:46.6211028', NULL, '53990000', NULL, 'vnpay', '1', '0'),
('638148658643654540', '2023-03-19 23:37:44.3654601', NULL, '124000000', NULL, 'vnpay', '1', '0'),
('638148661036339709', '2023-03-19 23:41:43.6339750', '2c14a15f-32db-4432-9f8a-573a4378c89c', '104980000', NULL, 'vnpay', '-1', '0'),
('638149400970673736', '2023-03-20 20:14:57.0676628', NULL, '62990000', NULL, 'vnpay', '1', '0'),
('638149404474525096', '2023-03-20 20:20:47.4535008', NULL, '124000000', NULL, 'vnpay', '1', '0'),
('638149406618724801', '2023-03-20 20:24:21.8731366', '2c14a15f-32db-4432-9f8a-573a4378c89c', '28999000', NULL, 'vnpay', '1', '0'),
('638149411769982829', '2023-03-20 20:32:56.9982870', NULL, '6490000', NULL, 'vnpay', '-1', '0'),
('638149441085423405', '2023-03-20 21:21:48.5425606', NULL, '28999000', NULL, 'vnpay', '1', '0'),
('638149467456210103', '2023-03-20 22:05:45.6212519', NULL, '31990000', NULL, 'vnpay', '1', '0'),
('638149473149138467', '2023-03-20 22:15:14.9141314', NULL, '28999000', NULL, 'vnpay', '1', '0'),
('638149474418529628', '2023-03-20 22:17:21.8532240', NULL, '6490000', NULL, 'vnpay', '-1', '0'),
('638149474877015275', '2023-03-20 22:18:07.7015318', NULL, '6490000', NULL, 'vnpay', '-1', '0'),
('638149475216925150', '2023-03-20 22:18:41.6925190', NULL, '39990000', NULL, 'vnpay', '1', '0'),
('638150127916529427', '2023-03-21 16:26:31.6533852', NULL, '58990000', NULL, 'vnpay', '-1', '0'),
('638150128277548694', '2023-03-21 16:27:07.7548733', NULL, '31990000', NULL, 'vnpay', '1', '0'),
('638150137130561691', '2023-03-21 16:41:53.0564061', NULL, '9990000', NULL, 'vnpay', '1', '0'),
('638150138528377016', '2023-03-21 16:44:12.8377054', NULL, '19990000', NULL, 'vnpay', '1', '0'),
('638150334807540821', '2023-03-21 22:11:20.7542712', 'bf30d9bc-301a-4406-a817-4aecefa35c4e', '175990000', NULL, 'vnpay', '1', '0'),
('638150345906507311', '2023-03-21 22:29:50.6509234', 'bf30d9bc-301a-4406-a817-4aecefa35c4e', '96480000', NULL, 'vnpay', '1', '0'),
('638150747161082914', '2023-03-22 09:38:36.1086751', '051ad717-04f9-4446-a0f0-32ec8dde64af', '60989000', NULL, 'vnpay', '1', '0'),
('638150748874354863', '2023-03-22 09:41:27.4359236', '051ad717-04f9-4446-a0f0-32ec8dde64af', '56089000', NULL, 'vnpay', '1', '0'),
('638150750673613189', '2023-03-22 09:44:27.3617340', '051ad717-04f9-4446-a0f0-32ec8dde64af', '55479000', NULL, 'vnpay', '-1', '0'),
('638150757866581660', '2023-03-22 09:56:26.6587423', '051ad717-04f9-4446-a0f0-32ec8dde64af', '102380000', NULL, 'vnpay', '1', '0'),
('638150760065708657', '2023-03-22 10:00:06.5713162', '051ad717-04f9-4446-a0f0-32ec8dde64af', '143990000', NULL, 'vnpay', '1', '0'),
('638150763259366162', '2023-03-22 10:05:25.9372713', '051ad717-04f9-4446-a0f0-32ec8dde64af', '60480000', NULL, 'vnpay', '1', '0'),
('638150772509381326', '2023-03-22 10:20:50.9385093', '051ad717-04f9-4446-a0f0-32ec8dde64af', '3710000', NULL, 'vnpay', '1', '0'),
('638150972780377952', '2023-03-22 15:54:38.0380286', '051ad717-04f9-4446-a0f0-32ec8dde64af', '27090000', NULL, 'cod', '1', '0'),
('638151796970267489', '2023-03-23 14:48:17.0272444', NULL, '28999000', NULL, 'vnpay', '0', '0'),
('638151797396430504', '2023-03-23 14:48:59.6430568', NULL, '42490000', NULL, 'vnpay', '1', '0'),
('638153781154732243', '2023-03-25 21:55:15.4732282', NULL, '129990000', NULL, 'vnpay', '1', '-1'),
('638153796542703142', '2023-03-25 22:20:54.2705440', NULL, '129990000', NULL, 'vnpay', '1', '-1'),
('638153797793482111', '2023-03-25 22:22:59.3482142', NULL, '129990000', NULL, 'vnpay', '1', '-1'),
('638154363914468311', '2023-03-26 14:06:31.4470605', NULL, '49390000', NULL, 'vnpay', '1', '0'),
('638154365229972684', '2023-03-26 14:08:42.9972717', 'bf30d9bc-301a-4406-a817-4aecefa35c4e', '51080000', NULL, 'vnpay', '1', '0'),
('638154366313289632', '2023-03-26 14:10:31.3289671', '051ad717-04f9-4446-a0f0-32ec8dde64af', '78389000', NULL, 'vnpay', '1', '-1'),
('638154367578597318', '2023-03-26 14:12:37.8597338', '051ad717-04f9-4446-a0f0-32ec8dde64af', '86997000', NULL, 'vnpay', '1', '-1'),
('638154371318756425', '2023-03-26 14:18:51.8764697', '051ad717-04f9-4446-a0f0-32ec8dde64af', '157459000', NULL, 'cod', '1', '2'),
('638154516225312253', '2023-03-26 18:20:22.5315293', NULL, '31990000', NULL, 'cod', '1', '2'),
('638157056231123527', '2023-03-29 16:53:43.1125809', NULL, '39990000', NULL, 'vnpay', '1', '-1'),
('638157061087840447', '2023-03-29 17:01:48.7845165', NULL, '49390000', NULL, 'vnpay', '1', '-1'),
('638157062485725710', '2023-03-29 17:04:08.5725743', NULL, '49390000', NULL, 'vnpay', '1', '-1'),
('638157063028451010', '2023-03-29 17:05:02.8451062', NULL, '49390000', NULL, 'vnpay', '1', '0'),
('638157072074658243', '2023-03-29 17:20:07.4660928', NULL, '27090000', NULL, 'vnpay', '1', '0'),
('638157073331595610', '2023-03-29 17:22:13.1595646', NULL, '28999000', NULL, 'vnpay', '-1', '0'),
('638157078461033755', '2023-03-29 17:30:46.1036451', NULL, '27090000', NULL, 'vnpay', '-1', '-1'),
('638157078824866255', '2023-03-29 17:31:22.4866302', NULL, '27090000', NULL, 'vnpay', '0', '-1'),
('638157080593931149', '2023-03-29 17:34:19.3934842', NULL, '31990000', NULL, 'vnpay', '0', '-1'),
('638157149088109283', '2023-03-29 19:28:28.8116224', '051ad717-04f9-4446-a0f0-32ec8dde64af', '27090000', NULL, 'vnpay', '0', '-1'),
('638157150388980779', '2023-03-29 19:30:38.8980821', '051ad717-04f9-4446-a0f0-32ec8dde64af', '31990000', NULL, 'vnpay', '0', '-1'),
('638159855870509729', '2023-04-01 22:39:47.0512820', NULL, '49390000', NULL, 'vnpay', '1', '0'),
('638159856601788614', '2023-04-01 22:41:00.1788640', '2c14a15f-32db-4432-9f8a-573a4378c89c', '246950000', NULL, 'vnpay', '-1', '-1'),
('638159857104403701', '2023-04-01 22:41:50.4403729', '2c14a15f-32db-4432-9f8a-573a4378c89c', '148170000', NULL, 'vnpay', '1', '0'),
('638159858390560841', '2023-04-01 22:43:59.0560857', NULL, '28999000', NULL, 'vnpay', '1', '0'),
('638159859470117924', '2023-04-01 22:45:47.0117941', 'bf30d9bc-301a-4406-a817-4aecefa35c4e', '78389000', NULL, 'vnpay', '1', '0'),
('638159859977199543', '2023-04-01 22:46:37.7199562', 'bf30d9bc-301a-4406-a817-4aecefa35c4e', '129990000', NULL, 'vnpay', '1', '0'),
('638159860384995249', '2023-04-01 22:47:18.4995266', 'bf30d9bc-301a-4406-a817-4aecefa35c4e', '127790000', NULL, 'vnpay', '1', '2'),
('638160453154211429', '2023-04-02 15:15:15.4219360', NULL, '11990000', NULL, 'vnpay', '1', '2'),
('638160462392116296', '2023-04-02 15:30:39.2120102', '051ad717-04f9-4446-a0f0-32ec8dde64af', '95970000', NULL, 'vnpay', '1', '2'),
('638160462967494839', '2023-04-02 15:31:36.7494878', '051ad717-04f9-4446-a0f0-32ec8dde64af', '95970000', NULL, 'vnpay', '1', '2'),
('638160520773414744', '2023-04-02 17:07:57.3417869', '051ad717-04f9-4446-a0f0-32ec8dde64af', '58990000', NULL, 'vnpay', '1', '2'),
('638160523661420675', '2023-04-02 17:12:46.1423325', NULL, '31990000', NULL, 'vnpay', '1', '2'),
('638160525032139617', '2023-04-02 17:15:03.2139640', '051ad717-04f9-4446-a0f0-32ec8dde64af', '48989000', NULL, 'vnpay', '1', '2'),
('638160526304463463', '2023-04-02 17:17:10.4463482', '051ad717-04f9-4446-a0f0-32ec8dde64af', '60989000', NULL, 'vnpay', '1', '2'),
('638160527575504776', '2023-04-02 17:19:17.5504803', '051ad717-04f9-4446-a0f0-32ec8dde64af', '92979000', NULL, 'vnpay', '1', '2'),
('638162228647306665', '2023-04-04 16:34:24.7309519', NULL, '49390000', NULL, 'vnpay', '1', '0'),
('638168242578958683', '2023-04-11 15:37:37.8961610', NULL, '39990000', NULL, 'cod', '1', '-1'),
('638168255353030861', '2023-04-11 15:58:55.3034450', NULL, '39990000', NULL, 'vnpay', '1', '0'),
('638168356342434241', '2023-04-11 18:47:14.2438520', NULL, '31990000', NULL, 'cod', '1', '0'),
('638168363581324496', '2023-04-11 18:59:18.1327637', NULL, '28999000', NULL, 'cod', '1', '0'),
('638168371672658078', '2023-04-11 19:12:47.2661217', NULL, '28999000', NULL, 'cod', '1', '0'),
('638168372495207644', '2023-04-11 19:14:09.5207756', NULL, '19990000', NULL, 'vnpay', '0', '-1'),
('638171881096528618', '2023-04-15 20:41:49.6535763', NULL, '28999000', NULL, 'vnpay', '1', '0'),
('638177084052347889', '2023-04-21 21:13:25.2350864', NULL, '31990000', NULL, 'cod', '1', '0'),
('638177113605094998', '2023-04-21 22:02:40.5097244', '051ad717-04f9-4446-a0f0-32ec8dde64af', '151969000', NULL, 'cod', '1', '-1'),
('638177138700968384', '2023-04-21 22:44:30.0971342', '051ad717-04f9-4446-a0f0-32ec8dde64af', '28129030', 'CHAOMUNGBANMOI', 'cod', '1', '0'),
('638177139776802910', '2023-04-21 22:46:17.6803080', '051ad717-04f9-4446-a0f0-32ec8dde64af', '31030300', 'CHAOMUNGBANMOI', 'cod', '1', '0'),
('638177935119201274', '2023-04-22 20:51:51.9209166', NULL, '49390000', NULL, 'cod', '1', '0'),
('638177936703274299', '2023-04-22 20:54:30.3274459', '051ad717-04f9-4446-a0f0-32ec8dde64af', '98379000', NULL, 'cod', '1', '0'),
('638177944053577787', '2023-04-22 21:06:45.3577955', NULL, '31990000', NULL, 'cod', '2', '0'),
('638178812147734090', '2023-04-23 21:13:34.7734242', NULL, '28999000', NULL, 'cod', '1', '2'),
('638179479427515106', '2023-04-24 15:45:42.7515302', NULL, '49390000', NULL, 'bank', '-1', '-1'),
('638180444833797847', '2023-04-25 18:34:43.3798021', NULL, '28999000', NULL, 'cod', '1', '2'),
('638181190201539868', '2023-04-26 15:17:00.1543001', NULL, '49390000', NULL, 'vnpay', '1', '2'),
('638181193344390073', '2023-04-26 15:22:14.4390212', NULL, '19990000', NULL, 'bank', '1', '2'),
('638182050964690548', '2023-04-27 15:11:36.4696378', NULL, '31030300', 'CHAOMUNGBANMOI', 'cod', '2', '0'),
('638182053511760347', '2023-04-27 15:15:51.1766356', NULL, '19390300', 'CHAOMUNGBANMOI', 'cod', '2', '0'),
('638182060304588338', '2023-04-27 15:27:10.4594410', NULL, '38790300', 'CHAOMUNGBANMOI', 'cod', '1', '2'),
('638182862839074980', '2023-04-28 13:44:43.9075119', NULL, '6490000', NULL, 'cod', '1', '2'),
('638183117209324415', '2023-04-28 20:48:40.9324599', NULL, '21990000', NULL, 'cod', '0', '-1'),
('638183745884802643', '2023-04-29 14:16:28.4809770', NULL, '24990000', NULL, 'cod', '1', '2'),
('638183758897294200', '2023-04-29 14:38:09.7303039', '051ad717-04f9-4446-a0f0-32ec8dde64af', '331391000', NULL, 'cod', '1', '2'),
('638184685666302611', '2023-04-30 16:22:46.6302799', NULL, '21990000', NULL, 'cod', '1', '2'),
('638185740348613104', '2023-05-01 21:40:34.8613273', NULL, '129990000', NULL, 'cod', '2', '0'),
('638186576388872905', '2023-05-02 20:53:58.8873086', NULL, '21990000', NULL, 'cod', '2', '0'),
('638187398418630245', '2023-05-03 19:44:01.8630428', NULL, '6490000', NULL, 'cod', '2', '0'),
('638188271600929828', '2023-05-04 19:59:20.0930014', NULL, '3500000', NULL, 'cod', '2', '0'),
('638189222562209056', '2023-05-05 22:24:16.2209247', NULL, '53990000', NULL, 'cod', '2', '0'),
('638190047152182609', '2023-05-06 21:18:35.2182808', NULL, '49390000', NULL, 'cod', '-1', '-1'),
('638191854587409276', '2023-05-08 23:30:58.7409475', NULL, '19990000', NULL, 'cod', '-1', '-1'),
('638192397052360078', '2023-05-09 14:35:05.2360231', NULL, '39990000', NULL, 'bank', '1', '2'),
('638193468723765370', '2023-05-10 20:21:12.3780591', '051ad717-04f9-4446-a0f0-32ec8dde64af', '150760000', NULL, 'vnpay', '1', '2'),
('638193507756681711', '2023-05-10 21:26:15.6681864', NULL, '6490000', NULL, 'cod', '-1', '-1');



INSERT INTO [ChiTietHD] VALUES
('110320232157472', '638141686671248109', 'GH2'),
('120320231122132', '638142169334450193', 'GH4'),
('120320231919452', '638142455854419575', 'GH7'),
('120320231922002', '638142457201353743', 'GH14'),
('120320232139242', '638142539639994262', 'GH16'),
('130320231901192', '638143308790859753', 'GH18'),
('130320231902502', '638143309699103455', 'GH20'),
('130320231913212', '638143316008054606', 'GH27'),
('130320231918332', '638143319130887512', 'GH33'),
('130320231923042', '638143321841399240', 'GH38'),
('130320231928322', '638143325121832092', 'GH40'),
('140320231437012', '638144014215552149', 'GH42'),
('140320231440562', '638144016569299259', 'GH49'),
('140320231441462', '638144017063289971', 'GH50'),
('6381440243221924423', '638144024321110804', 'GH51'),
('6381440320008224593', '638144031999156594', 'GH56'),
('6381440437009735553', '638144043700657403', 'GH69'),
('6381440442161401253', '638144044215998299', 'GH71'),
('6381456056130022733', '638145605612407731', 'GH73'),
('6381456065496911433', '638145606549596621', 'GH78'),
('6381456069395535773', '638145606939406941', 'GH52'),
('6381476155821629703', '638147615580720388', 'GH84'),
('6381476164817982423', '638147616480622107', 'GH86'),
('6381476169102558373', '638147616909938713', 'GH88'),
('6381476179229335263', '638147617922791965', 'GH90'),
('6381476183483266983', '638147618348182819', 'GH92'),
('6381476190476307403', '638147619047223347', 'GH93'),
('6381486569558567833', '638148656953214434', 'GH190320232334553'),
('6381486580696162253', '638148658066203482', 'GH190320232336463'),
('6381486586440429823', '638148658643654540', 'GH190320232337443'),
('6381486610365346053', '638148661036339709', 'GH190320232340313'),
('6381486610365667893', '638148661036339709', 'GH190320232340483'),
('6381494009722404113', '638149400970673736', 'GH200320232014573'),
('6381494044773568253', '638149404474525096', 'GH200320232020473'),
('6381494066197280623', '638149406618724801', 'GH200320232024213'),
('6381494117700796863', '638149411769982829', 'GH200320232032563'),
('6381494410866938553', '638149441085423405', 'GH200320232121483'),
('6381494674566007953', '638149467456210103', 'GH200320232205453'),
('6381494731504377723', '638149473149138467', 'GH200320232215143'),
('6381494744199399173', '638149474418529628', 'GH200320232217213'),
('6381494748775731083', '638149474877015275', 'GH200320232218073'),
('6381494752171147773', '638149475216925150', 'GH200320232218413'),
('6381501279173970323', '638150127916529427', 'GH210320231626313'),
('6381501282777710993', '638150128277548694', 'GH210320231627073'),
('6381501371318325683', '638150137130561691', 'GH210320231641533'),
('6381501385290447833', '638150138528377016', 'GH210320231644123'),
('6381503348080255963', '638150334807540821', 'GH210320232210073'),
('6381503348080422423', '638150334807540821', 'GH210320232210273'),
('6381503459070171643', '638150345906507311', 'GH210320232229363'),
('6381503459070343963', '638150345906507311', 'GH210320232229403'),
('6381507471620850343', '638150747161082914', 'GH220320230937453'),
('6381507488754136863', '638150748874354863', 'GH220320230937483'),
('6381507488754457103', '638150748874354863', 'GH82'),
('6381507506745872613', '638150750673613189', 'GH220320230944063'),
('6381507506746261993', '638150750673613189', 'GH220320230944093'),
('6381507578681028993', '638150757866581660', 'GH220320230956053'),
('6381507578681398323', '638150757866581660', 'GH220320230956083'),
('6381507600667434013', '638150760065708657', 'GH220320230959453'),
('6381507600667757573', '638150760065708657', 'GH220320230959543'),
('6381507632603699423', '638150763259366162', 'GH220320231005113'),
('6381507632604014253', '638150763259366162', 'GH220320231005143'),
('6381507725103967363', '638150772509381326', 'GH220320231020353'),
('6381507725104273253', '638150772509381326', 'GH220320231020373'),
('6381509727808679683', '638150972780377952', 'GH220320231554383'),
('6381517969710389463', '638151796970267489', 'GH230320231448173'),
('6381517973965287863', '638151797396430504', 'GH230320231448593'),
('6381537811547744353', '638153781154732243', 'GH250320232155153'),
('6381537965433387443', '638153796542703142', 'GH250320232220543'),
('6381537977935237603', '638153797793482111', 'GH250320232222593'),
('6381543639149501853', '638154363914468311', 'GH260320231406313'),
('6381543652300485643', '638154365229972684', 'GH260320231408283'),
('6381543652300630273', '638154365229972684', 'GH260320231408313'),
('6381543663134643273', '638154366313289632', 'GH250320232224353'),
('6381543675787070253', '638154367578597318', 'GH260320231412213'),
('6381543713192294463', '638154371318756425', 'GH250320232224363'),
('6381543713209728993', '638154371318756425', 'GH260320231418283'),
('6381543713209855253', '638154371318756425', 'GH260320231418303'),
('6381543713209989553', '638154371318756425', 'GH260320231418333'),
('6381545162254767903', '638154516225312253', 'GH260320231820223'),
('6381570562313280483', '638157056231123527', 'GH290320231653433'),
('6381570610882452213', '638157061087840447', 'GH290320231701483'),
('6381570624858029013', '638157062485725710', 'GH290320231704083'),
('6381570630285255063', '638157063028451010', 'GH290320231705023'),
('6381570720750658723', '638157072074658243', 'GH290320231720073'),
('6381570733316827693', '638157073331595610', 'GH290320231722133'),
('6381570784614508653', '638157078461033755', 'GH290320231730463'),
('6381570788249055093', '638157078824866255', 'GH290320231731223'),
('6381570805941095123', '638157080593931149', 'GH290320231734193'),
('6381571490887013793', '638157149088109283', 'GH290320231928283'),
('6381571503891297493', '638157150388980779', 'GH290320231930383'),
('6381598558707197203', '638159855870509729', 'GH010420232239473'),
('6381598566019052783', '638159856601788614', 'GH010420232240483'),
('6381598571044612273', '638159857104403701', 'GH010420232241363'),
('6381598583906001513', '638159858390560841', 'GH010420232243593'),
('6381598594702392283', '638159859470117924', 'GH010420232245353'),
('6381598594702495973', '638159859470117924', 'GH010420232245373'),
('6381598599773169613', '638159859977199543', 'GH010420232246263'),
('6381598603851087493', '638159860384995249', 'GH010420232246283'),
('6381604531551746593', '638160453154211429', 'GH020420231515153'),
('6381604623935807393', '638160462392116296', 'GH260320231418263'),
('6381604629676264833', '638160462967494839', 'GH020420231531223'),
('6381605207737894403', '638160520773414744', 'GH020420231707303'),
('6381605236618546373', '638160523661420675', 'GH020420231712463'),
('6381605250322362223', '638160525032139617', 'GH020420231714343'),
('6381605263045872443', '638160526304463463', 'GH020420231716273'),
('6381605275755883303', '638160527575504776', 'GH020420231718563'),
('6381605275756008603', '638160527575504776', 'GH020420231719013'),
('6381622286477620323', '638162228647306665', 'GH040420231634243'),
('6381682425794879013', '638168242578958683', 'GH110420231537373'),
('6381682553536050703', '638168255353030861', 'GH110420231558553'),
('6381683563427371353', '638168356342434241', 'GH110420231847143'),
('6381683635816095863', '638168363581324496', 'GH110420231859183'),
('6381683716731475293', '638168371672658078', 'GH110420231912473'),
('6381683724952796413', '638168372495207644', 'GH110420231914093'),
('6381718810982472283', '638171881096528618', 'GH150420232041493'),
('6381770840532058963', '638177084052347889', 'GH210420232113253'),
('6381771136055848153', '638177113605094998', 'GH060420232002203'),
('6381771136060614393', '638177113605094998', 'GH060420232002563'),
('6381771136061059413', '638177113605094998', 'GH210420232202273'),
('6381771387015720843', '638177138700968384', 'GH210420232244303'),
('6381771397768890093', '638177139776802910', 'GH210420232246173'),
('6381779351207394863', '638177935119201274', 'GH220420232051513'),
('6381779367037341743', '638177936703274299', 'GH210420232243503'),
('6381779367040737963', '638177936703274299', 'GH220420232054163'),
('6381779367041486433', '638177936703274299', 'GH220420232054183'),
('6381779440551995623', '638177944053577787', 'GH220420232106453'),
('6381788121494483163', '638178812147734090', 'GH230420232113343'),
('6381794794282231963', '638179479427515106', 'GH240420231545423'),
('6381804448353687603', '638180444833797847', 'GH250420231834433'),
('6381811902030219663', '638181190201539868', 'GH260420231516593'),
('6381811933450147823', '638181193344390073', 'GH260420231522143'),
('6381820509656724883', '638182050964690548', 'GH270420231511363'),
('6381820535128373293', '638182053511760347', 'GH270420231515513'),
('6381820603066497503', '638182060304588338', 'GH270420231527103'),
('6381828628406655683', '638182862839074980', 'GH280420231344433'),
('6381831172103040573', '638183117209324415', 'GH280420232048403'),
('6381837458865785653', '638183745884802643', 'GH290420231416283'),
('6381837588993037213', '638183758897294200', 'GH290420231420223'),
('6381837589027167303', '638183758897294200', 'GH290420231431193'),
('6381837589051013963', '638183758897294200', 'GH290420231431223'),
('6381837589074557223', '638183758897294200', 'GH290420231431273'),
('6381846856680063293', '638184685666302611', 'GH300420231622463'),
('6381857403502910933', '638185740348613104', 'GH010520232140343'),
('6381865763905644723', '638186576388872905', 'GH020520232053583'),
('6381873984202371013', '638187398418630245', 'GH030520231944013'),
('6381882716025619343', '638188271600929828', 'GH040520231959203'),
('6381892225639070143', '638189222562209056', 'GH050520232224163'),
('6381900471527869453', '638190047152182609', 'GH060520232118353'),
('6381918545892357483', '638191854587409276', 'GH080520232330583'),
('6381923970540655763', '638192397052360078', 'GH090520231435053'),
('6381934687289168733', '638193468723765370', 'GH290420232030313'),
('6381934687306030823', '638193468723765370', 'GH290420232030333'),
('6381934687306961303', '638193468723765370', 'GH290420232030363'),
('6381935077582480203', '638193507756681711', 'GH100520232126153');
-- delete ChiTietHD;

-- delete HoaDon;

-- delete GioHang;